-- Generation time: Mon, 07 Sep 2020 23:09:42 +0000
-- Host: mysql.hostinger.ro
-- DB name: u574849695_21
/*!40030 SET NAMES UTF8 */;
/*!40101 SET @OLD_CHARACTER_SET_CLIENT=@@CHARACTER_SET_CLIENT */;
/*!40101 SET @OLD_CHARACTER_SET_RESULTS=@@CHARACTER_SET_RESULTS */;
/*!40101 SET @OLD_COLLATION_CONNECTION=@@COLLATION_CONNECTION */;
/*!40103 SET @OLD_TIME_ZONE=@@TIME_ZONE */;
/*!40103 SET TIME_ZONE='+00:00' */;
/*!40014 SET @OLD_UNIQUE_CHECKS=@@UNIQUE_CHECKS, UNIQUE_CHECKS=0 */;
/*!40014 SET @OLD_FOREIGN_KEY_CHECKS=@@FOREIGN_KEY_CHECKS, FOREIGN_KEY_CHECKS=0 */;
/*!40101 SET @OLD_SQL_MODE=@@SQL_MODE, SQL_MODE='NO_AUTO_VALUE_ON_ZERO' */;
/*!40111 SET @OLD_SQL_NOTES=@@SQL_NOTES, SQL_NOTES=0 */;

DROP TABLE IF EXISTS `communities`;
CREATE TABLE `communities` (
  `id` int(10) unsigned NOT NULL AUTO_INCREMENT COMMENT 'Идентификатор сроки',
  `name` varchar(150) COLLATE utf8_unicode_ci NOT NULL COMMENT 'Название группы',
  `created_at` datetime DEFAULT current_timestamp() COMMENT 'Время создания строки',
  `updated_at` datetime DEFAULT current_timestamp() ON UPDATE current_timestamp() COMMENT 'Время обновления строки',
  PRIMARY KEY (`id`),
  UNIQUE KEY `name` (`name`)
) ENGINE=InnoDB AUTO_INCREMENT=101 DEFAULT CHARSET=utf8 COLLATE=utf8_unicode_ci COMMENT='Группы';

INSERT INTO `communities` VALUES ('1','et','2015-10-31 00:10:28','2019-11-27 10:51:21'),
('2','voluptatibus','2018-05-09 23:52:57','2020-04-12 11:02:34'),
('3','rerum','2011-05-04 01:33:54','2019-10-10 00:24:09'),
('4','molestiae','2015-07-28 07:47:52','2020-08-22 07:10:28'),
('5','cupiditate','2012-12-15 16:19:46','2019-12-12 19:04:44'),
('6','necessitatibus','2018-08-30 23:48:18','2019-09-17 08:21:07'),
('7','excepturi','2014-05-21 12:47:47','2019-11-19 18:36:01'),
('8','nobis','2014-06-11 06:52:01','2020-05-23 11:57:42'),
('9','ut','2019-08-31 06:42:59','2020-05-19 10:50:31'),
('10','magni','2011-07-19 13:09:24','2020-07-16 20:31:16'),
('11','consequatur','2019-03-22 17:49:43','2020-03-31 04:59:35'),
('12','aliquid','2017-06-24 14:41:27','2020-07-02 01:21:56'),
('13','expedita','2013-09-28 07:19:31','2020-03-05 05:22:53'),
('14','dolore','2014-05-20 01:48:20','2019-11-09 14:51:15'),
('15','non','2018-02-26 01:25:22','2020-07-27 14:01:18'),
('16','aut','2014-09-16 16:07:29','2020-01-11 08:58:08'),
('17','vel','2014-06-28 02:20:53','2020-08-16 21:03:48'),
('18','perferendis','2015-05-05 16:51:17','2020-02-05 22:02:10'),
('19','sint','2012-03-29 16:40:50','2020-04-18 12:04:03'),
('20','labore','2011-05-02 23:12:21','2020-06-06 20:31:47'),
('21','tempora','2014-10-12 17:32:54','2020-08-29 07:37:44'),
('22','odit','2018-09-04 10:14:36','2019-09-27 18:03:17'),
('23','quasi','2010-12-22 04:50:28','2019-10-22 14:34:51'),
('24','nemo','2014-01-14 13:16:35','2019-09-29 16:19:08'),
('25','consequuntur','2014-12-13 10:11:22','2020-01-21 02:26:57'),
('26','laboriosam','2013-01-24 23:12:27','2020-04-21 11:35:11'),
('27','officiis','2018-12-10 11:39:35','2020-06-30 04:44:13'),
('28','est','2012-06-09 21:08:15','2020-03-05 19:38:55'),
('29','dolorum','2015-07-02 12:01:26','2020-04-22 21:32:21'),
('30','veniam','2014-08-03 16:16:10','2019-09-27 07:33:26'),
('31','iusto','2018-11-14 13:58:49','2019-12-25 00:22:48'),
('32','sapiente','2017-09-28 22:05:36','2020-05-11 19:52:37'),
('33','explicabo','2011-06-07 12:48:12','2019-09-14 20:35:09'),
('34','eligendi','2011-01-31 15:37:58','2020-02-11 00:15:18'),
('35','velit','2018-07-23 16:06:37','2020-08-26 02:55:04'),
('36','similique','2018-11-24 01:53:29','2020-08-30 15:16:19'),
('37','commodi','2015-07-09 18:12:16','2019-10-22 11:57:42'),
('38','perspiciatis','2013-05-24 05:09:59','2020-06-07 11:58:00'),
('39','atque','2010-10-23 23:09:35','2020-04-02 09:21:34'),
('40','error','2017-10-02 01:10:19','2020-08-19 12:02:24'),
('41','provident','2016-04-15 10:51:45','2020-04-08 23:51:02'),
('42','omnis','2018-07-14 06:36:59','2020-04-24 21:13:57'),
('43','impedit','2019-10-20 18:10:41','2019-09-21 04:02:40'),
('44','eos','2017-12-21 21:36:42','2020-04-16 20:47:00'),
('45','totam','2013-03-08 14:49:37','2019-09-20 04:00:50'),
('46','rem','2019-05-25 22:40:08','2020-07-24 15:57:00'),
('47','mollitia','2017-02-11 09:47:44','2019-12-03 06:58:08'),
('48','sunt','2012-06-05 23:39:01','2019-12-10 05:48:29'),
('49','quia','2011-02-25 15:08:13','2019-11-04 06:23:30'),
('50','tenetur','2018-06-08 09:23:34','2020-02-20 21:31:44'),
('51','itaque','2016-06-13 03:33:49','2020-06-13 12:44:45'),
('52','neque','2011-05-25 00:58:32','2019-11-06 11:08:41'),
('53','amet','2018-06-14 04:35:34','2020-01-11 06:54:51'),
('54','sed','2015-09-02 16:59:41','2020-03-31 23:18:00'),
('55','voluptatem','2016-10-15 20:12:23','2020-04-03 03:19:48'),
('56','temporibus','2014-10-26 14:40:24','2020-02-13 03:27:12'),
('57','corporis','2010-11-30 13:37:25','2019-09-26 23:09:12'),
('58','pariatur','2011-07-29 20:49:14','2020-07-08 02:47:59'),
('59','facilis','2017-05-21 19:46:58','2019-12-05 16:05:46'),
('60','suscipit','2011-12-25 13:10:14','2020-08-12 22:36:03'),
('61','qui','2016-09-14 06:16:55','2020-03-20 19:11:37'),
('62','quae','2010-09-25 23:58:18','2020-06-25 23:18:42'),
('63','quidem','2012-01-07 10:29:23','2019-12-09 18:02:26'),
('64','tempore','2015-12-24 14:42:56','2020-06-14 02:21:12'),
('65','laborum','2019-01-19 02:21:28','2020-03-06 18:12:24'),
('66','fuga','2019-10-29 06:07:50','2019-11-05 11:24:45'),
('67','reiciendis','2015-03-13 07:18:49','2020-03-28 15:10:38'),
('68','sit','2018-06-27 23:07:48','2020-06-04 04:14:40'),
('69','fugit','2011-12-21 00:59:23','2020-03-27 06:02:55'),
('70','ullam','2018-08-21 19:10:31','2019-09-24 02:10:10'),
('71','laudantium','2019-07-12 00:43:27','2020-01-03 04:04:35'),
('72','in','2017-03-28 08:27:51','2020-01-29 01:27:20'),
('73','quo','2020-02-01 11:48:23','2020-06-17 10:45:36'),
('74','repudiandae','2020-02-14 19:01:39','2020-07-23 01:15:33'),
('75','beatae','2015-06-29 19:37:42','2020-02-20 09:00:54'),
('76','ipsam','2014-11-22 02:23:17','2020-04-09 06:49:19'),
('77','ab','2016-01-02 02:14:49','2019-11-02 09:39:56'),
('78','asperiores','2012-10-20 17:46:49','2019-09-30 00:34:01'),
('79','eaque','2011-07-04 08:36:27','2020-01-01 11:56:31'),
('80','voluptatum','2013-02-24 15:03:39','2020-02-13 10:43:27'),
('81','vitae','2020-06-27 08:39:19','2019-10-06 12:46:15'),
('82','at','2012-08-07 01:21:51','2019-11-11 07:31:21'),
('83','maxime','2014-08-10 15:24:05','2020-03-06 18:38:19'),
('84','delectus','2012-10-13 05:18:07','2020-08-07 04:15:06'),
('85','numquam','2017-04-20 13:28:25','2019-12-16 20:13:27'),
('86','doloremque','2015-10-21 21:11:31','2019-12-06 02:25:41'),
('87','eum','2014-09-06 05:20:40','2020-02-18 15:35:57'),
('88','facere','2012-06-19 22:25:06','2020-03-03 06:10:00'),
('89','eius','2016-11-08 13:20:16','2020-09-01 09:50:17'),
('90','quod','2013-04-13 02:51:10','2019-10-07 01:11:07'),
('91','dolores','2020-09-04 20:40:04','2020-01-31 10:28:52'),
('92','ad','2013-06-16 06:44:40','2019-12-19 14:28:17'),
('93','enim','2018-10-16 11:32:46','2020-07-01 08:39:24'),
('94','nostrum','2019-07-29 18:09:16','2020-02-12 18:01:36'),
('95','minus','2017-12-29 19:16:25','2020-06-13 13:12:24'),
('96','deserunt','2020-03-10 23:12:14','2019-12-06 04:06:18'),
('97','praesentium','2019-01-22 00:16:36','2020-02-20 10:28:50'),
('98','nulla','2013-05-13 11:04:34','2019-12-14 05:55:08'),
('99','magnam','2012-12-08 14:12:24','2020-01-22 05:01:50'),
('100','aspernatur','2013-04-10 18:44:05','2020-06-02 14:33:00'); 


DROP TABLE IF EXISTS `communities_users`;
CREATE TABLE `communities_users` (
  `community_id` int(10) unsigned NOT NULL COMMENT 'Ссылка на группу',
  `user_id` int(10) unsigned NOT NULL COMMENT 'Ссылка на пользователя',
  `created_at` datetime DEFAULT current_timestamp() COMMENT 'Время создания строки',
  PRIMARY KEY (`community_id`,`user_id`) COMMENT 'Составной первичный ключ'
) ENGINE=InnoDB DEFAULT CHARSET=utf8 COLLATE=utf8_unicode_ci COMMENT='Участники групп, связь между пользователями и группами';

INSERT INTO `communities_users` VALUES ('1','11','2017-01-11 22:03:52'),
('4','59','2013-12-28 06:56:32'),
('5','31','2012-03-12 22:11:14'),
('9','90','2018-06-12 21:46:27'),
('10','38','2017-01-27 08:07:26'),
('15','28','2017-10-26 15:26:12'),
('15','86','2013-01-06 19:23:08'),
('16','52','2013-11-05 13:45:13'),
('16','72','2011-04-23 20:30:32'),
('18','17','2015-05-29 19:57:28'),
('18','65','2012-05-27 23:38:29'),
('19','5','2012-01-30 18:19:55'),
('19','79','2016-11-15 23:13:22'),
('21','35','2017-08-28 05:31:51'),
('22','49','2016-06-03 16:33:54'),
('23','50','2015-10-08 18:07:51'),
('25','41','2018-02-05 21:01:18'),
('26','98','2012-07-01 21:31:39'),
('27','90','2019-06-03 12:16:00'),
('29','34','2014-01-05 03:45:59'),
('30','53','2015-10-23 22:07:15'),
('31','62','2012-06-13 21:44:43'),
('31','64','2012-10-15 19:17:53'),
('33','43','2014-01-17 17:26:09'),
('34','88','2016-12-22 18:00:21'),
('35','68','2011-09-28 00:34:42'),
('37','67','2011-04-22 18:01:45'),
('40','21','2013-07-13 16:59:26'),
('40','61','2010-09-24 14:02:15'),
('41','45','2018-04-23 14:12:24'),
('41','49','2014-07-23 19:42:43'),
('41','58','2018-05-07 13:39:08'),
('42','80','2018-05-04 08:20:30'),
('43','67','2014-10-17 09:00:54'),
('43','69','2018-09-01 20:59:30'),
('44','67','2018-10-12 13:09:10'),
('46','9','2017-10-19 09:37:34'),
('47','20','2014-03-07 14:21:18'),
('49','84','2012-08-04 18:46:03'),
('50','58','2015-09-11 05:26:11'),
('50','79','2012-10-07 01:40:42'),
('51','22','2010-11-30 09:38:08'),
('52','87','2013-12-26 12:57:33'),
('53','69','2010-12-12 09:56:40'),
('54','22','2019-07-24 15:23:19'),
('54','40','2011-10-03 09:07:53'),
('54','94','2012-05-31 14:54:07'),
('55','54','2014-11-04 22:50:08'),
('56','8','2016-12-28 09:11:22'),
('58','19','2020-03-09 15:25:47'),
('58','56','2016-09-02 04:23:31'),
('58','99','2015-09-24 16:08:37'),
('59','28','2019-01-09 22:24:03'),
('61','42','2011-01-17 01:19:01'),
('62','25','2013-12-13 11:29:03'),
('64','68','2017-08-21 22:03:12'),
('64','84','2010-11-18 13:33:26'),
('65','47','2018-08-01 23:06:26'),
('65','60','2019-04-09 20:06:33'),
('68','37','2014-10-20 21:46:17'),
('68','66','2019-09-28 12:08:19'),
('69','66','2011-11-22 11:20:02'),
('69','90','2012-10-23 06:05:06'),
('71','69','2015-10-18 20:48:32'),
('72','6','2010-09-25 17:20:09'),
('72','90','2019-05-12 21:28:37'),
('73','57','2011-11-04 06:55:15'),
('74','14','2011-12-10 11:55:58'),
('74','31','2012-06-24 18:32:54'),
('74','49','2017-10-03 05:42:22'),
('77','63','2012-12-16 16:31:48'),
('78','3','2015-06-03 07:46:17'),
('79','89','2013-11-21 01:29:11'),
('80','46','2012-04-04 00:51:35'),
('80','93','2020-03-18 22:16:21'),
('81','23','2019-09-07 21:43:05'),
('81','68','2013-07-29 00:31:34'),
('81','71','2019-09-28 11:32:30'),
('82','21','2017-04-24 12:33:19'),
('82','30','2020-02-19 14:25:21'),
('82','89','2016-06-22 21:32:30'),
('83','91','2012-09-23 11:18:36'),
('84','12','2014-11-15 22:59:40'),
('84','13','2019-05-12 13:38:39'),
('84','31','2018-06-10 07:49:24'),
('85','36','2014-11-29 13:20:09'),
('85','66','2013-05-19 10:47:53'),
('87','4','2016-08-11 09:09:46'),
('87','87','2017-04-09 10:17:09'),
('87','91','2016-09-14 11:04:10'),
('89','82','2011-09-30 10:23:53'),
('91','41','2018-03-25 09:23:01'),
('92','22','2012-09-28 23:19:38'),
('93','33','2014-03-25 12:18:57'),
('95','2','2019-09-03 09:26:33'),
('95','10','2011-03-05 13:43:52'),
('95','75','2013-05-10 07:20:58'),
('98','9','2012-04-01 13:48:07'),
('100','53','2016-01-22 14:37:21'),
('100','75','2017-09-26 00:16:19'); 


DROP TABLE IF EXISTS `friendship`;
CREATE TABLE `friendship` (
  `user_id` int(10) unsigned NOT NULL COMMENT 'Ссылка на инициатора дружеских отношений',
  `friend_id` int(10) unsigned NOT NULL COMMENT 'Ссылка на получателя приглашения дружить',
  `status_id` int(10) unsigned NOT NULL COMMENT 'Ссылка на статус (текущее состояние) отношений',
  `requested_at` datetime DEFAULT current_timestamp() COMMENT 'Время отправления приглашения дружить',
  `confirmed_at` datetime DEFAULT NULL COMMENT 'Время подтверждения приглашения',
  `created_at` datetime DEFAULT current_timestamp() COMMENT 'Время создания строки',
  `updated_at` datetime DEFAULT current_timestamp() ON UPDATE current_timestamp() COMMENT 'Время обновления строки',
  PRIMARY KEY (`user_id`,`friend_id`) COMMENT 'Составной первичный ключ'
) ENGINE=InnoDB DEFAULT CHARSET=utf8 COLLATE=utf8_unicode_ci COMMENT='Таблица дружбы';

INSERT INTO `friendship` VALUES ('1','44','98','2018-02-15 23:01:40','2014-08-05 22:05:35','2019-08-09 13:46:13','2020-01-07 21:05:52'),
('2','15','4','2015-09-07 01:14:38','2015-02-06 16:54:41','2014-09-10 11:02:54','2020-05-25 20:09:29'),
('2','31','56','2013-09-12 18:18:57','2017-11-30 14:42:49','2018-05-26 16:16:36','2020-05-11 20:17:52'),
('2','62','17','2016-02-08 14:35:03','2017-10-29 20:09:45','2015-04-13 16:57:32','2019-09-18 22:12:47'),
('4','60','22','2013-02-03 02:13:21','2012-03-06 00:09:09','2015-05-26 04:58:22','2020-06-07 06:57:20'),
('6','6','85','2013-08-25 00:10:15','2014-01-27 04:07:26','2014-01-16 22:41:10','2020-05-12 07:04:30'),
('6','48','19','2014-06-26 02:57:21','2018-06-14 23:04:46','2018-01-29 06:26:08','2019-11-01 11:20:28'),
('7','100','70','2016-07-19 14:00:22','2014-03-22 14:43:00','2014-06-06 07:29:25','2020-08-20 06:51:19'),
('10','25','2','2011-08-29 08:49:41','2019-02-18 08:44:27','2019-12-05 10:39:25','2020-08-30 17:37:39'),
('11','1','33','2016-08-30 06:11:44','2014-07-10 22:14:44','2015-08-06 22:48:55','2020-05-08 15:34:58'),
('12','46','88','2015-06-01 23:56:18','2017-10-11 01:40:51','2020-01-22 07:08:40','2020-03-04 23:11:53'),
('13','8','71','2020-02-14 10:27:46','2014-08-15 23:09:37','2020-04-12 08:14:41','2020-09-04 02:28:45'),
('14','59','87','2015-04-05 19:30:32','2014-11-17 15:49:48','2010-10-11 08:43:50','2020-07-29 10:48:28'),
('14','63','52','2011-02-05 17:25:16','2019-01-30 04:58:23','2017-09-24 00:21:17','2020-06-27 05:07:04'),
('14','98','53','2012-12-19 08:48:19','2014-07-13 14:57:07','2011-12-08 19:27:49','2020-06-05 02:14:08'),
('15','44','63','2010-11-15 16:01:52','2018-05-22 07:21:04','2018-04-18 13:00:00','2020-08-12 07:11:23'),
('15','60','12','2017-02-17 00:24:39','2019-05-15 20:35:27','2012-12-03 07:54:43','2019-12-23 06:17:56'),
('16','15','78','2016-09-28 17:54:55','2020-02-01 18:23:56','2012-09-23 05:01:27','2020-08-12 04:45:28'),
('18','70','27','2014-12-28 08:17:48','2013-05-18 20:44:34','2018-01-14 09:28:23','2020-08-11 06:26:28'),
('20','54','82','2013-10-08 10:36:01','2011-09-19 20:22:26','2016-08-05 22:00:34','2019-09-12 04:01:41'),
('21','16','81','2011-01-17 07:45:51','2015-07-22 09:45:20','2017-07-25 03:30:59','2020-02-07 06:29:41'),
('22','29','5','2012-05-22 20:02:47','2017-02-15 07:03:19','2013-06-12 22:17:26','2020-01-05 05:33:38'),
('23','4','42','2018-07-15 08:04:51','2016-03-09 23:50:24','2014-06-23 01:44:20','2020-09-06 11:29:13'),
('23','47','89','2012-05-26 08:27:47','2015-02-23 22:48:30','2018-08-09 21:40:06','2020-01-21 14:47:22'),
('25','72','93','2012-04-20 17:09:26','2010-10-21 09:34:01','2018-09-23 09:08:09','2020-07-11 19:21:06'),
('25','90','50','2014-03-01 13:07:31','2011-01-13 18:51:44','2017-02-08 02:21:14','2020-08-17 22:29:51'),
('27','56','95','2014-06-14 05:39:34','2016-05-23 05:59:39','2011-09-21 07:03:45','2020-06-21 15:52:46'),
('29','18','86','2017-08-11 19:47:17','2017-09-21 06:38:52','2017-02-15 12:54:27','2020-06-04 09:36:35'),
('29','47','37','2016-06-16 18:43:07','2018-04-13 09:18:36','2020-04-05 12:19:08','2020-01-10 10:55:46'),
('31','21','13','2014-12-31 02:56:52','2014-10-16 04:46:29','2019-09-19 06:31:08','2020-06-19 19:17:50'),
('31','94','72','2016-06-17 07:19:55','2014-07-31 19:55:47','2019-02-27 03:58:55','2020-07-02 06:10:41'),
('33','59','67','2015-08-17 13:21:44','2017-02-09 19:52:36','2017-04-04 08:30:53','2019-09-13 11:21:19'),
('33','65','73','2011-02-11 15:12:34','2019-06-11 13:58:53','2017-02-17 00:46:28','2020-04-29 18:36:02'),
('34','17','34','2020-05-30 03:14:37','2015-12-06 23:26:43','2011-01-02 13:45:00','2019-12-05 11:27:53'),
('34','75','61','2014-10-25 02:55:09','2016-03-01 22:12:34','2017-03-18 00:15:38','2020-05-01 04:59:09'),
('35','20','74','2011-03-05 19:05:44','2020-08-20 17:32:24','2017-07-29 21:07:30','2020-02-06 23:48:23'),
('35','41','58','2012-08-14 16:08:31','2016-02-03 04:15:37','2013-08-25 20:32:19','2019-10-29 13:09:57'),
('35','43','40','2013-03-22 23:58:21','2011-08-24 08:22:59','2016-11-09 19:35:39','2020-06-09 10:36:30'),
('35','68','51','2015-12-03 06:31:58','2014-12-18 06:23:30','2013-02-11 16:38:37','2020-08-20 06:20:12'),
('41','25','49','2013-03-04 14:52:45','2010-12-13 09:57:10','2013-10-14 12:05:47','2020-05-27 01:14:40'),
('41','48','28','2016-12-29 14:41:48','2019-11-25 13:32:03','2017-02-22 13:12:27','2020-01-25 17:10:03'),
('41','56','64','2011-12-10 14:01:21','2018-01-03 16:59:51','2012-06-05 02:21:34','2020-05-21 18:34:18'),
('43','25','36','2011-12-17 14:34:43','2015-07-03 22:46:34','2016-06-03 10:30:21','2020-04-27 21:55:32'),
('44','78','6','2015-12-15 18:44:41','2016-10-27 08:04:13','2014-08-22 14:18:45','2020-05-10 08:27:53'),
('44','92','55','2014-12-29 09:32:44','2013-10-16 05:21:02','2013-06-09 15:39:28','2020-03-21 21:13:34'),
('45','2','66','2012-10-04 20:08:46','2015-06-13 15:58:53','2013-10-17 03:28:40','2020-03-22 22:52:29'),
('45','50','14','2011-05-17 11:45:50','2017-11-01 02:45:36','2011-06-19 00:54:29','2019-12-13 20:30:55'),
('46','47','39','2019-01-14 07:43:52','2016-07-21 05:39:50','2016-02-06 09:20:38','2019-09-15 11:26:32'),
('46','61','18','2019-06-10 01:16:42','2019-01-24 13:38:48','2015-11-27 03:09:38','2020-04-06 06:38:16'),
('46','87','15','2014-12-20 22:31:56','2011-03-01 20:56:31','2011-08-21 06:06:39','2020-04-15 17:43:04'),
('48','49','45','2013-07-29 16:06:54','2012-04-13 00:54:48','2018-04-26 01:13:54','2019-11-19 04:33:55'),
('49','10','35','2019-11-20 19:15:32','2012-03-16 22:26:43','2017-05-05 11:50:31','2019-11-17 16:52:46'),
('50','25','75','2012-02-13 06:04:20','2013-10-29 06:22:50','2020-08-15 05:16:30','2020-05-30 08:13:24'),
('50','56','79','2020-04-30 13:58:16','2015-02-26 13:54:04','2012-04-12 23:48:43','2020-05-18 11:54:39'),
('52','50','44','2014-03-16 01:08:01','2015-01-18 11:59:23','2017-02-01 12:44:34','2019-10-12 03:39:12'),
('53','21','16','2020-02-09 15:12:14','2013-10-26 19:41:08','2016-03-03 12:10:46','2020-06-03 21:05:25'),
('53','32','62','2014-06-06 21:48:02','2015-08-28 17:35:48','2016-11-20 07:16:58','2019-09-09 07:08:11'),
('54','84','76','2016-06-24 17:59:24','2018-06-21 05:45:55','2015-05-16 01:22:37','2019-09-28 03:08:05'),
('56','22','69','2014-01-02 15:40:14','2014-11-13 14:36:25','2018-10-09 22:35:49','2019-12-06 17:28:05'),
('56','73','32','2015-07-22 20:18:02','2011-01-31 09:41:35','2017-12-26 17:13:10','2019-09-28 05:14:51'),
('56','81','26','2018-09-12 05:09:46','2014-03-22 07:10:12','2019-11-10 18:59:51','2019-11-10 03:30:59'),
('57','60','54','2013-04-03 01:20:24','2019-01-10 19:37:36','2015-07-22 09:58:07','2020-08-22 16:25:23'),
('57','71','92','2011-08-17 03:42:43','2011-08-26 16:09:18','2020-05-19 07:09:02','2019-11-05 11:41:07'),
('60','44','3','2012-03-13 15:08:18','2020-06-28 07:07:11','2010-12-19 09:10:05','2020-04-11 06:00:18'),
('60','63','43','2014-03-24 18:33:08','2012-11-16 00:45:27','2014-08-06 15:31:51','2020-04-09 07:04:25'),
('63','42','24','2017-01-01 00:29:27','2017-02-05 20:27:00','2016-04-21 15:38:18','2020-04-03 17:18:10'),
('65','47','68','2018-05-24 08:15:18','2020-06-28 23:21:11','2014-05-06 14:15:50','2020-07-20 08:33:34'),
('65','73','90','2016-03-30 06:37:45','2012-08-22 10:29:51','2018-08-04 01:02:47','2020-04-04 12:55:29'),
('65','100','23','2013-06-23 04:40:21','2015-07-13 23:34:17','2014-05-25 17:35:37','2019-09-27 03:39:52'),
('68','66','65','2011-11-30 21:08:52','2013-06-07 02:08:37','2018-09-01 12:09:44','2019-10-27 00:57:54'),
('71','11','97','2018-01-04 08:16:27','2016-08-31 00:24:22','2015-11-01 04:42:44','2019-12-13 12:12:03'),
('71','18','80','2018-12-05 22:40:54','2019-04-14 07:58:16','2018-06-05 10:01:36','2019-11-20 18:44:26'),
('71','50','31','2020-01-22 05:45:09','2014-05-19 12:59:19','2019-06-01 19:13:08','2020-05-02 05:22:30'),
('72','19','91','2013-12-22 11:20:51','2013-04-08 01:02:19','2018-04-01 21:54:33','2020-07-22 20:40:46'),
('73','1','100','2014-06-15 23:26:47','2010-09-30 20:02:47','2016-08-16 11:51:06','2019-10-21 07:28:05'),
('74','85','83','2016-05-30 19:13:01','2019-08-09 11:18:45','2015-06-26 10:43:41','2020-04-12 09:57:23'),
('76','16','1','2012-09-03 06:45:39','2015-07-08 03:41:52','2020-02-17 11:15:01','2019-10-01 18:47:41'),
('76','27','20','2013-01-30 02:31:32','2018-10-08 02:59:23','2012-06-22 11:05:17','2020-03-07 20:00:33'),
('77','20','21','2014-11-15 22:37:52','2010-11-03 08:16:50','2017-09-15 07:14:57','2020-04-07 21:09:27'),
('77','97','9','2019-12-21 13:16:28','2014-01-02 06:07:09','2017-08-15 03:14:41','2020-07-23 20:03:45'),
('79','14','10','2010-09-21 14:12:41','2016-05-24 16:25:15','2016-02-12 03:27:48','2020-04-30 07:22:59'),
('82','25','57','2012-11-25 09:23:46','2016-11-19 13:56:39','2015-09-18 19:34:26','2019-10-02 16:44:54'),
('84','46','7','2013-07-17 06:18:18','2010-12-30 02:35:15','2013-05-29 15:53:22','2019-10-04 14:47:08'),
('85','19','46','2019-05-12 13:12:54','2017-06-01 10:45:35','2019-10-01 11:13:33','2020-03-01 23:45:18'),
('85','77','11','2015-02-08 21:56:16','2011-07-26 03:04:25','2017-06-15 00:36:08','2020-02-04 20:40:33'),
('85','94','38','2019-04-13 14:36:59','2017-04-29 09:29:14','2018-10-23 10:29:01','2020-04-01 15:05:41'),
('86','75','94','2017-12-30 13:46:00','2018-03-20 17:37:48','2015-02-27 23:49:01','2020-06-15 16:51:02'),
('87','91','41','2016-11-03 00:08:08','2019-11-22 11:28:08','2015-11-19 18:06:12','2019-12-19 17:07:46'),
('88','86','59','2012-04-15 07:16:40','2016-07-31 15:49:49','2019-05-16 05:33:36','2020-03-31 13:20:54'),
('90','85','29','2012-03-21 21:41:06','2014-12-04 15:30:58','2020-06-23 08:30:14','2020-01-06 02:13:19'),
('91','9','48','2011-03-12 06:00:49','2012-06-29 23:02:32','2011-07-27 22:18:52','2020-04-07 23:33:02'),
('91','35','60','2012-06-10 01:20:35','2014-07-19 12:18:44','2020-02-10 22:18:15','2020-02-02 03:10:43'),
('92','48','96','2020-04-02 22:31:06','2014-11-27 03:22:23','2011-09-15 03:37:54','2019-12-22 11:38:28'),
('95','1','99','2011-07-30 22:30:24','2012-06-22 10:04:54','2014-09-30 19:16:12','2020-02-10 01:59:30'),
('96','3','8','2018-06-25 07:35:06','2013-11-21 09:56:58','2019-08-06 19:58:22','2020-08-23 01:40:55'),
('97','41','25','2011-07-25 06:27:29','2016-06-13 14:35:05','2012-06-26 04:46:37','2020-02-29 23:47:33'),
('98','36','30','2012-09-22 16:34:05','2011-11-20 11:40:49','2017-09-26 21:33:03','2020-05-23 10:30:50'),
('98','41','47','2016-06-18 02:40:48','2017-12-19 22:41:53','2011-01-23 16:24:33','2020-01-06 18:39:08'),
('100','7','77','2017-11-25 06:04:04','2020-01-23 04:43:34','2013-04-28 08:53:56','2019-09-24 04:01:31'),
('100','29','84','2015-01-01 01:16:16','2017-01-31 21:01:30','2010-10-06 02:27:36','2020-03-14 05:47:48'); 


DROP TABLE IF EXISTS `friendship_statuses`;
CREATE TABLE `friendship_statuses` (
  `id` int(10) unsigned NOT NULL AUTO_INCREMENT COMMENT 'Идентификатор строки',
  `name` varchar(150) COLLATE utf8_unicode_ci NOT NULL COMMENT 'Название статуса',
  `created_at` datetime DEFAULT current_timestamp() COMMENT 'Время создания строки',
  `updated_at` datetime DEFAULT current_timestamp() ON UPDATE current_timestamp() COMMENT 'Время обновления строки',
  PRIMARY KEY (`id`),
  UNIQUE KEY `name` (`name`)
) ENGINE=InnoDB AUTO_INCREMENT=101 DEFAULT CHARSET=utf8 COLLATE=utf8_unicode_ci COMMENT='Статусы дружбы';

INSERT INTO `friendship_statuses` VALUES ('1','corrupti','2015-01-05 17:55:17','2016-11-01 04:17:20'),
('2','accusamus','2018-11-26 01:25:22','2019-03-25 00:10:03'),
('3','ut','2018-08-17 08:58:52','2012-09-02 03:00:19'),
('4','vero','2015-07-01 06:55:17','2011-04-05 12:57:31'),
('5','maxime','2018-02-10 05:41:31','2014-08-10 04:59:37'),
('6','quia','2014-02-16 00:23:43','2018-11-09 22:26:54'),
('7','ex','2011-01-20 18:31:33','2012-12-17 22:06:52'),
('8','assumenda','2011-10-14 20:41:07','2014-11-01 04:58:29'),
('9','tenetur','2016-05-16 21:59:07','2014-01-30 10:54:21'),
('10','qui','2011-04-18 12:03:17','2012-11-24 04:37:30'),
('11','ratione','2020-07-10 22:58:59','2013-10-04 05:35:58'),
('12','consequatur','2019-09-30 15:56:19','2019-09-11 15:53:42'),
('13','esse','2019-04-27 10:19:07','2018-09-13 12:43:00'),
('14','voluptatem','2017-12-07 18:33:43','2017-02-25 01:45:41'),
('15','dignissimos','2012-12-30 09:23:20','2020-03-10 15:11:48'),
('16','aut','2013-12-12 08:54:29','2016-11-20 10:55:30'),
('17','minima','2018-06-27 14:34:16','2015-03-24 08:44:01'),
('18','perspiciatis','2012-12-15 07:12:58','2011-11-16 07:12:45'),
('19','nobis','2013-08-17 07:55:39','2013-12-09 21:39:59'),
('20','officia','2013-01-19 16:34:07','2017-08-13 10:57:05'),
('21','voluptas','2020-01-20 12:46:10','2019-09-06 20:33:13'),
('22','quo','2011-05-22 00:08:25','2011-06-26 04:25:16'),
('23','sequi','2019-09-23 03:05:44','2014-03-01 18:29:42'),
('24','totam','2019-01-29 02:53:24','2014-03-30 10:41:07'),
('25','sunt','2017-12-14 11:50:33','2017-11-08 21:38:48'),
('26','fugit','2016-06-19 18:25:36','2017-07-09 23:09:48'),
('27','vitae','2019-01-12 20:14:17','2018-05-02 05:09:02'),
('28','non','2014-12-12 15:11:05','2015-12-03 09:21:25'),
('29','recusandae','2016-01-08 11:34:31','2018-08-16 23:42:28'),
('30','cumque','2019-09-15 02:19:02','2019-05-14 10:46:39'),
('31','repudiandae','2014-06-28 02:50:18','2015-11-03 13:11:09'),
('32','quibusdam','2019-06-11 03:52:30','2012-03-15 09:18:36'),
('33','dolor','2013-01-02 19:12:14','2018-05-15 08:17:12'),
('34','asperiores','2020-02-18 03:37:42','2010-12-16 00:32:27'),
('35','alias','2012-05-15 19:43:44','2015-04-30 11:39:14'),
('36','et','2016-02-07 06:21:27','2011-01-09 04:47:43'),
('37','sed','2019-10-28 15:57:48','2013-08-28 17:09:15'),
('38','atque','2014-11-16 10:42:35','2015-10-24 18:21:19'),
('39','consectetur','2015-06-26 05:05:49','2016-03-02 07:35:13'),
('40','praesentium','2013-05-02 11:06:08','2019-07-05 03:57:53'),
('41','suscipit','2018-04-01 04:12:52','2014-04-02 20:52:01'),
('42','cupiditate','2017-07-21 01:14:17','2015-01-25 14:05:45'),
('43','impedit','2016-02-09 01:38:53','2015-09-10 17:39:51'),
('44','magni','2015-12-09 23:34:02','2020-04-16 20:54:12'),
('45','nemo','2013-12-27 09:59:34','2018-09-30 03:56:52'),
('46','repellendus','2018-07-16 19:20:32','2015-12-31 13:04:17'),
('47','aspernatur','2020-01-23 12:59:19','2012-03-01 02:18:00'),
('48','eligendi','2015-05-23 04:11:20','2011-11-22 13:39:25'),
('49','itaque','2018-12-28 00:13:14','2019-10-19 20:59:13'),
('50','perferendis','2020-07-19 15:01:57','2019-05-12 01:52:24'),
('51','maiores','2016-09-29 02:59:27','2017-09-09 00:47:04'),
('52','ipsum','2016-10-20 13:39:13','2015-10-25 10:25:12'),
('53','minus','2017-04-05 13:39:09','2015-01-10 08:40:14'),
('54','velit','2017-09-21 06:23:25','2017-05-14 04:18:10'),
('55','rerum','2012-02-04 17:45:30','2016-10-25 02:42:17'),
('56','architecto','2016-07-03 22:18:16','2019-08-10 17:48:24'),
('57','numquam','2013-01-27 23:52:00','2015-11-11 17:15:32'),
('58','veritatis','2017-11-24 02:07:08','2011-01-02 16:58:56'),
('59','dolorem','2015-01-02 06:49:37','2018-01-30 23:27:03'),
('60','sint','2011-07-02 05:47:11','2018-10-18 18:42:17'),
('61','sit','2016-07-22 13:17:02','2014-11-03 09:43:09'),
('62','doloribus','2015-06-14 19:29:45','2011-11-20 15:12:01'),
('63','quidem','2015-09-28 17:12:06','2013-03-24 23:08:59'),
('64','possimus','2013-03-12 15:45:51','2013-11-03 21:15:19'),
('65','reiciendis','2014-01-20 13:57:31','2013-10-03 05:02:42'),
('66','explicabo','2012-06-11 13:40:26','2013-01-27 01:16:32'),
('67','voluptate','2019-12-21 02:41:45','2019-01-30 08:36:56'),
('68','deserunt','2015-06-12 01:33:27','2016-11-23 16:46:32'),
('69','magnam','2018-10-03 13:46:06','2018-05-22 06:51:12'),
('70','tempore','2020-02-13 01:35:55','2017-05-11 18:03:12'),
('71','quae','2013-09-29 04:34:49','2019-08-27 22:38:55'),
('72','quam','2017-10-10 20:02:44','2012-07-07 04:09:18'),
('73','aperiam','2017-05-22 18:11:14','2015-12-04 00:55:38'),
('74','voluptates','2012-05-24 01:18:55','2019-07-16 13:23:15'),
('75','eum','2012-06-12 01:47:13','2020-05-08 05:33:34'),
('76','unde','2020-05-03 20:33:17','2011-07-23 15:40:58'),
('77','soluta','2015-01-05 10:29:45','2018-08-10 06:07:29'),
('78','adipisci','2012-07-14 07:01:54','2017-04-14 10:50:50'),
('79','molestiae','2011-01-01 22:32:23','2012-05-06 02:15:31'),
('80','autem','2013-05-18 01:47:20','2016-03-06 02:10:08'),
('81','debitis','2012-06-29 12:11:40','2020-07-19 00:10:40'),
('82','eius','2014-07-16 18:29:11','2015-06-04 14:53:22'),
('83','animi','2012-10-04 18:31:52','2014-01-29 21:53:56'),
('84','repellat','2019-05-08 21:44:00','2016-02-02 08:05:46'),
('85','nam','2016-07-27 07:47:30','2017-02-20 20:55:05'),
('86','omnis','2014-07-22 18:36:32','2017-10-16 14:21:12'),
('87','amet','2018-07-26 15:14:34','2017-10-18 01:46:48'),
('88','rem','2016-08-21 09:25:04','2014-03-03 04:31:50'),
('89','officiis','2011-10-30 18:56:22','2011-06-12 08:15:17'),
('90','quaerat','2011-10-08 19:04:23','2015-04-09 21:09:32'),
('91','reprehenderit','2012-12-03 22:23:24','2020-05-31 19:52:11'),
('92','natus','2011-02-21 23:28:04','2014-10-08 20:34:46'),
('93','excepturi','2017-10-04 01:53:31','2011-07-04 07:50:48'),
('94','nisi','2018-05-04 17:19:42','2016-12-16 16:08:38'),
('95','ipsa','2015-09-18 09:59:02','2016-07-06 02:30:32'),
('96','aliquam','2011-08-24 00:49:05','2018-08-13 15:42:58'),
('97','aliquid','2011-07-27 22:36:43','2015-11-23 08:51:17'),
('98','odio','2012-05-02 22:14:28','2017-09-15 14:59:32'),
('99','placeat','2013-10-08 05:14:01','2011-01-01 21:50:07'),
('100','pariatur','2017-01-18 21:26:28','2011-01-23 21:25:42'); 


DROP TABLE IF EXISTS `media`;
CREATE TABLE `media` (
  `id` int(10) unsigned NOT NULL AUTO_INCREMENT COMMENT 'Идентификатор строки',
  `user_id` int(10) unsigned NOT NULL COMMENT 'Ссылка на пользователя, который загрузил файл',
  `filename` varchar(255) COLLATE utf8_unicode_ci NOT NULL COMMENT 'Путь к файлу',
  `size` int(11) NOT NULL COMMENT 'Размер файла',
  `metadata` longtext CHARACTER SET utf8mb4 COLLATE utf8mb4_bin DEFAULT NULL COMMENT 'Метаданные файла' CHECK (json_valid(`metadata`)),
  `media_type_id` int(10) unsigned NOT NULL COMMENT 'Ссылка на тип контента',
  `created_at` datetime DEFAULT current_timestamp() COMMENT 'Время создания строки',
  `updated_at` datetime DEFAULT current_timestamp() ON UPDATE current_timestamp() COMMENT 'Время обновления строки',
  PRIMARY KEY (`id`)
) ENGINE=InnoDB AUTO_INCREMENT=101 DEFAULT CHARSET=utf8 COLLATE=utf8_unicode_ci COMMENT='Медиафайлы';

INSERT INTO `media` VALUES ('1','1','tempore','2058047',NULL,'1','2016-05-03 10:42:08','2020-07-25 09:57:06'),
('2','2','vitae','8605063',NULL,'2','2019-09-04 14:53:32','2019-11-02 02:27:53'),
('3','3','ipsa','45',NULL,'3','2015-01-28 00:39:52','2020-07-11 12:39:04'),
('4','4','sit','9888136',NULL,'4','2010-10-26 01:12:53','2020-01-20 07:32:24'),
('5','5','non','97874',NULL,'5','2018-11-23 11:50:27','2019-10-18 23:57:27'),
('6','6','quia','0',NULL,'6','2011-08-03 17:25:47','2019-10-22 08:59:48'),
('7','7','soluta','434324',NULL,'7','2010-10-11 03:16:35','2019-09-12 19:38:36'),
('8','8','consequatur','8',NULL,'8','2012-04-28 20:13:30','2020-08-10 21:48:42'),
('9','9','quas','9533085',NULL,'9','2020-06-23 15:03:41','2020-02-19 01:18:27'),
('10','10','ut','57',NULL,'10','2019-07-16 21:27:34','2019-12-20 18:18:28'),
('11','11','accusantium','0',NULL,'11','2011-08-16 20:47:21','2019-09-26 12:17:40'),
('12','12','vel','9560157',NULL,'12','2011-08-06 10:00:12','2020-04-11 17:53:01'),
('13','13','et','1',NULL,'13','2015-09-08 19:02:34','2020-04-07 03:02:59'),
('14','14','quasi','0',NULL,'14','2015-08-12 17:11:14','2020-02-25 21:38:20'),
('15','15','ipsam','176',NULL,'15','2014-07-22 16:10:38','2019-10-21 03:48:13'),
('16','16','consequatur','0',NULL,'16','2011-07-13 01:16:17','2020-03-12 01:13:33'),
('17','17','amet','3',NULL,'17','2010-10-07 10:41:17','2019-12-02 06:42:17'),
('18','18','occaecati','2',NULL,'18','2017-11-26 06:42:07','2019-10-31 21:50:16'),
('19','19','consectetur','943259',NULL,'19','2012-04-27 21:25:09','2019-11-12 13:14:20'),
('20','20','quo','4488',NULL,'20','2020-05-19 16:43:29','2020-06-03 22:59:22'),
('21','21','veritatis','93',NULL,'21','2012-05-15 01:20:12','2019-12-05 01:09:17'),
('22','22','ut','6214',NULL,'22','2010-09-17 16:32:56','2020-07-17 23:16:13'),
('23','23','quaerat','883188046',NULL,'23','2018-10-20 10:10:57','2020-08-16 16:36:44'),
('24','24','deserunt','783358',NULL,'24','2016-08-09 09:33:26','2020-01-07 02:51:39'),
('25','25','ab','72507212',NULL,'25','2015-10-08 19:46:30','2020-06-12 00:39:17'),
('26','26','quia','988704',NULL,'26','2015-10-26 18:02:13','2020-04-15 06:50:26'),
('27','27','cum','22504532',NULL,'27','2019-12-23 04:40:22','2019-11-25 22:23:18'),
('28','28','qui','0',NULL,'28','2013-09-10 03:56:19','2019-12-03 12:27:04'),
('29','29','ex','358',NULL,'29','2020-02-16 09:35:10','2020-08-05 12:24:24'),
('30','30','perspiciatis','831',NULL,'30','2011-01-07 05:29:29','2020-06-22 20:31:39'),
('31','31','voluptates','7',NULL,'31','2012-12-12 13:45:23','2020-03-28 03:47:19'),
('32','32','cumque','12',NULL,'32','2016-07-26 16:39:39','2020-05-31 10:27:05'),
('33','33','cumque','0',NULL,'33','2019-11-07 20:23:04','2020-06-17 16:06:32'),
('34','34','est','88794717',NULL,'34','2014-06-14 07:14:53','2020-02-04 22:06:24'),
('35','35','impedit','336',NULL,'35','2014-03-22 02:10:04','2020-03-23 21:55:55'),
('36','36','molestiae','8411666',NULL,'36','2015-03-02 23:23:54','2020-03-21 16:42:48'),
('37','37','sunt','4516',NULL,'37','2010-10-29 13:32:09','2020-05-31 16:27:21'),
('38','38','recusandae','449',NULL,'38','2016-01-20 19:23:30','2020-07-04 07:08:41'),
('39','39','et','0',NULL,'39','2016-11-28 22:43:19','2020-06-03 00:20:23'),
('40','40','unde','36822489',NULL,'40','2012-05-16 07:46:13','2020-06-04 07:15:29'),
('41','41','rerum','572260',NULL,'41','2011-10-31 17:51:21','2020-04-22 20:21:24'),
('42','42','voluptatem','20054108',NULL,'42','2013-01-13 16:21:36','2019-10-11 00:21:52'),
('43','43','dicta','360243710',NULL,'43','2018-04-25 06:18:30','2020-09-06 03:39:50'),
('44','44','nam','916563837',NULL,'44','2012-11-22 20:27:21','2020-06-05 05:03:28'),
('45','45','fugit','3',NULL,'45','2011-08-17 22:31:46','2020-04-23 11:00:46'),
('46','46','mollitia','1175219',NULL,'46','2013-10-14 04:50:37','2019-09-21 06:02:08'),
('47','47','est','0',NULL,'47','2013-11-25 07:48:51','2020-03-08 19:01:51'),
('48','48','molestiae','6',NULL,'48','2014-09-14 02:20:51','2020-04-06 00:27:04'),
('49','49','laborum','5962415',NULL,'49','2012-09-22 02:29:10','2020-01-21 00:35:26'),
('50','50','quis','77',NULL,'50','2019-10-09 07:28:01','2019-12-28 22:29:13'),
('51','51','veritatis','122',NULL,'51','2010-09-22 20:49:31','2020-07-25 17:13:34'),
('52','52','velit','512',NULL,'52','2016-05-08 06:51:10','2020-01-01 22:34:44'),
('53','53','maiores','605875508',NULL,'53','2013-07-23 16:03:38','2020-07-28 07:09:52'),
('54','54','omnis','16271',NULL,'54','2012-11-13 22:38:11','2020-02-10 19:36:29'),
('55','55','quam','365383',NULL,'55','2011-02-17 04:56:52','2019-12-08 08:35:42'),
('56','56','architecto','0',NULL,'56','2011-04-18 06:28:53','2019-12-17 10:02:03'),
('57','57','quia','55473792',NULL,'57','2019-12-03 01:02:06','2020-03-28 01:56:07'),
('58','58','facilis','5',NULL,'58','2014-07-19 17:50:55','2019-09-09 07:52:18'),
('59','59','porro','481',NULL,'59','2016-11-17 18:53:32','2020-01-05 16:41:17'),
('60','60','ab','293912',NULL,'60','2016-03-03 10:37:39','2019-12-16 04:29:23'),
('61','61','laudantium','8301',NULL,'61','2019-02-03 16:15:21','2020-01-10 21:24:55'),
('62','62','et','273212899',NULL,'62','2019-09-13 05:48:57','2019-12-02 09:10:35'),
('63','63','dolores','9',NULL,'63','2016-10-10 19:58:16','2020-04-13 09:21:43'),
('64','64','laudantium','4',NULL,'64','2016-06-03 01:11:32','2020-01-01 19:56:22'),
('65','65','velit','321419066',NULL,'65','2016-01-28 15:13:51','2020-04-17 13:17:28'),
('66','66','rerum','9506035',NULL,'66','2010-11-10 23:43:41','2019-12-26 15:14:29'),
('67','67','ut','5512487',NULL,'67','2013-01-13 12:13:51','2020-05-26 14:47:09'),
('68','68','quidem','325826623',NULL,'68','2018-08-06 00:20:06','2020-04-21 09:22:22'),
('69','69','inventore','0',NULL,'69','2011-12-14 15:38:47','2020-07-24 17:05:28'),
('70','70','dolorem','958210003',NULL,'70','2011-06-21 06:55:05','2020-01-25 19:54:48'),
('71','71','architecto','3799306',NULL,'71','2018-12-26 18:33:15','2020-05-30 03:43:22'),
('72','72','quasi','64992',NULL,'72','2011-07-31 06:59:33','2020-04-30 13:55:59'),
('73','73','architecto','829314481',NULL,'73','2019-10-15 20:38:46','2019-09-08 14:20:10'),
('74','74','explicabo','592',NULL,'74','2011-05-19 10:04:27','2020-03-19 19:36:56'),
('75','75','dolorem','0',NULL,'75','2012-06-29 18:58:22','2020-08-13 13:16:37'),
('76','76','esse','556191793',NULL,'76','2015-09-29 08:26:25','2020-07-02 03:58:49'),
('77','77','commodi','5',NULL,'77','2019-10-31 20:47:50','2020-04-13 14:23:45'),
('78','78','earum','8113',NULL,'78','2015-03-09 22:23:56','2020-01-29 09:12:09'),
('79','79','quo','43',NULL,'79','2016-02-23 02:35:12','2020-05-26 19:41:27'),
('80','80','quam','9599',NULL,'80','2011-01-15 18:48:24','2020-01-29 16:49:50'),
('81','81','fugit','2',NULL,'81','2012-12-02 09:22:34','2020-06-09 11:22:15'),
('82','82','debitis','699',NULL,'82','2020-06-05 15:38:05','2020-08-17 19:37:25'),
('83','83','et','7',NULL,'83','2012-02-22 06:00:01','2020-03-24 16:30:52'),
('84','84','sint','287',NULL,'84','2015-08-16 20:28:57','2019-10-01 15:39:49'),
('85','85','velit','629163876',NULL,'85','2017-02-14 10:10:44','2020-07-07 11:50:19'),
('86','86','non','8',NULL,'86','2014-08-19 05:10:04','2019-12-13 14:25:23'),
('87','87','dolor','3517787',NULL,'87','2013-04-17 03:20:42','2020-07-20 06:52:41'),
('88','88','autem','5516',NULL,'88','2015-04-26 17:11:43','2019-09-21 16:29:50'),
('89','89','corrupti','48',NULL,'89','2012-04-04 03:03:16','2019-12-03 00:34:48'),
('90','90','esse','359',NULL,'90','2012-12-24 04:58:07','2020-03-21 01:01:28'),
('91','91','ullam','1303',NULL,'91','2018-08-31 16:33:02','2019-09-19 08:20:51'),
('92','92','commodi','11809',NULL,'92','2012-12-17 10:11:48','2020-06-21 21:53:50'),
('93','93','ut','83',NULL,'93','2015-01-04 19:07:27','2020-07-15 00:01:07'),
('94','94','accusantium','1636',NULL,'94','2019-06-05 00:39:50','2020-08-18 15:36:23'),
('95','95','sint','263806',NULL,'95','2012-01-23 15:32:13','2020-09-01 16:05:34'),
('96','96','earum','754557179',NULL,'96','2019-11-25 16:32:36','2020-06-14 17:27:51'),
('97','97','animi','4391173',NULL,'97','2012-07-27 12:25:47','2020-07-16 03:38:10'),
('98','98','velit','3',NULL,'98','2019-10-31 01:14:24','2020-07-09 01:02:09'),
('99','99','ullam','83408',NULL,'99','2014-06-27 22:31:27','2020-01-23 13:57:07'),
('100','100','in','3030',NULL,'100','2019-08-04 06:58:08','2020-07-02 06:45:41'); 


DROP TABLE IF EXISTS `media_types`;
CREATE TABLE `media_types` (
  `id` int(10) unsigned NOT NULL AUTO_INCREMENT COMMENT 'Идентификатор строки',
  `name` varchar(255) COLLATE utf8_unicode_ci NOT NULL COMMENT 'Название типа',
  `created_at` datetime DEFAULT current_timestamp() COMMENT 'Время создания строки',
  `updated_at` datetime DEFAULT current_timestamp() ON UPDATE current_timestamp() COMMENT 'Время обновления строки',
  PRIMARY KEY (`id`),
  UNIQUE KEY `name` (`name`)
) ENGINE=InnoDB AUTO_INCREMENT=101 DEFAULT CHARSET=utf8 COLLATE=utf8_unicode_ci COMMENT='Типы медиафайлов';

INSERT INTO `media_types` VALUES ('1','voluptatem','2017-12-10 00:05:00','2019-11-03 13:27:15'),
('2','sint','2017-08-29 15:57:54','2020-08-19 15:33:07'),
('3','et','2013-09-01 08:55:51','2020-08-17 11:02:16'),
('4','reprehenderit','2013-02-26 12:03:57','2020-03-12 02:00:08'),
('5','iure','2015-07-01 18:16:18','2020-07-11 08:05:47'),
('6','dignissimos','2015-10-20 08:09:59','2020-02-10 15:22:23'),
('7','quam','2014-09-13 08:25:55','2019-11-12 10:17:01'),
('8','perspiciatis','2010-09-19 07:42:07','2020-04-11 22:14:32'),
('9','repellendus','2020-03-03 22:25:23','2020-05-11 08:42:13'),
('10','aliquam','2019-12-01 16:08:26','2020-03-25 05:37:35'),
('11','ipsum','2015-09-11 04:37:27','2020-01-04 18:14:13'),
('12','placeat','2011-10-23 05:08:09','2019-11-02 04:11:04'),
('13','eveniet','2014-01-18 14:59:51','2020-06-02 06:14:00'),
('14','aut','2013-11-20 05:04:13','2019-10-13 08:38:27'),
('15','omnis','2012-02-10 06:16:43','2020-07-06 14:26:46'),
('16','rerum','2020-03-25 19:20:18','2020-03-11 11:45:49'),
('17','odio','2014-07-15 07:55:48','2020-04-20 20:37:10'),
('18','ut','2013-07-06 04:46:17','2020-05-25 17:30:35'),
('19','non','2018-11-18 16:22:09','2020-04-26 06:30:32'),
('20','nihil','2013-10-04 03:31:20','2020-08-13 14:01:19'),
('21','illo','2017-06-12 01:55:50','2020-04-27 13:02:08'),
('22','hic','2012-08-11 19:08:45','2019-10-23 11:41:40'),
('23','voluptas','2019-05-25 14:00:50','2019-10-01 04:25:41'),
('24','veniam','2016-04-05 05:06:14','2020-03-09 16:36:49'),
('25','excepturi','2019-09-03 12:35:56','2020-07-04 19:16:23'),
('26','cupiditate','2013-02-16 14:27:34','2020-01-22 07:43:02'),
('27','impedit','2012-06-07 22:49:55','2020-09-06 00:26:11'),
('28','ea','2019-09-09 18:10:14','2019-12-30 22:43:21'),
('29','assumenda','2017-09-20 03:35:42','2020-01-08 18:42:05'),
('30','cum','2016-02-08 10:38:29','2020-07-05 19:14:35'),
('31','qui','2017-02-06 14:58:51','2020-04-18 03:09:04'),
('32','debitis','2018-11-13 07:47:35','2019-09-09 11:30:19'),
('33','accusamus','2019-10-03 05:36:26','2020-08-16 03:18:06'),
('34','molestiae','2012-01-01 19:19:14','2020-05-21 21:46:51'),
('35','at','2012-03-15 04:02:38','2019-09-27 11:17:43'),
('36','fugit','2013-12-22 07:28:32','2020-05-31 10:19:13'),
('37','aliquid','2016-08-20 03:46:43','2020-07-31 16:41:41'),
('38','amet','2012-06-14 22:23:24','2020-01-10 20:02:52'),
('39','esse','2013-02-18 01:27:05','2020-03-30 12:50:38'),
('40','soluta','2015-12-07 16:06:52','2020-05-19 00:43:43'),
('41','beatae','2016-09-25 06:02:49','2020-01-28 10:40:03'),
('42','autem','2018-04-30 02:21:58','2019-10-24 09:01:48'),
('43','expedita','2015-01-26 06:22:47','2020-08-25 10:56:13'),
('44','consequatur','2015-05-08 14:05:43','2020-01-03 10:53:21'),
('45','ex','2015-04-02 06:52:09','2020-08-11 07:18:32'),
('46','architecto','2015-03-08 15:32:46','2019-10-28 02:33:24'),
('47','vel','2011-11-05 08:17:11','2020-03-31 11:16:48'),
('48','eos','2015-09-30 21:34:14','2020-01-09 00:59:49'),
('49','corrupti','2014-06-05 12:44:15','2020-04-29 02:26:56'),
('50','odit','2012-06-17 12:29:32','2020-04-28 22:39:11'),
('51','velit','2018-08-09 23:29:34','2020-04-28 15:00:46'),
('52','voluptatum','2012-04-19 04:35:56','2020-03-19 02:58:29'),
('53','mollitia','2014-10-27 13:53:10','2020-03-15 13:16:39'),
('54','repellat','2013-04-14 21:59:00','2019-12-10 05:59:59'),
('55','fuga','2017-05-29 12:42:10','2020-08-28 12:14:10'),
('56','magni','2016-01-03 02:05:13','2020-02-21 13:01:31'),
('57','veritatis','2017-11-14 06:57:16','2019-10-02 06:48:12'),
('58','aspernatur','2020-07-05 13:18:41','2020-08-06 23:31:39'),
('59','sit','2019-02-18 11:05:47','2020-01-01 16:08:30'),
('60','recusandae','2016-08-15 04:54:50','2019-10-23 01:56:44'),
('61','adipisci','2010-10-19 23:30:04','2019-10-24 09:36:22'),
('62','nesciunt','2013-10-04 22:11:56','2019-12-08 23:36:01'),
('63','a','2014-08-27 13:09:35','2019-10-21 00:45:42'),
('64','minima','2019-07-04 19:05:48','2020-03-20 11:36:21'),
('65','ullam','2011-09-26 04:05:36','2020-05-22 17:43:13'),
('66','dolorem','2012-03-22 21:24:07','2020-04-05 22:39:45'),
('67','consectetur','2012-03-15 15:36:56','2020-01-19 14:14:59'),
('68','dolores','2013-11-17 19:13:59','2019-12-29 06:31:35'),
('69','rem','2016-04-07 15:05:07','2019-11-11 03:16:46'),
('70','animi','2011-09-09 14:52:15','2020-02-22 18:59:55'),
('71','dicta','2016-12-02 06:50:15','2020-08-22 04:45:19'),
('72','commodi','2018-06-24 18:36:01','2019-11-07 22:15:27'),
('73','quasi','2020-02-23 09:52:40','2020-01-19 12:45:54'),
('74','temporibus','2013-07-21 00:48:16','2019-10-12 08:18:02'),
('75','sed','2015-03-11 15:39:05','2020-07-09 14:48:45'),
('76','maxime','2018-02-26 12:47:08','2020-01-16 10:58:06'),
('77','deleniti','2010-10-14 02:35:14','2020-03-12 13:39:32'),
('78','pariatur','2013-11-03 21:47:10','2020-08-03 04:46:20'),
('79','blanditiis','2020-08-09 20:18:58','2019-11-28 23:22:42'),
('80','reiciendis','2010-12-18 00:01:50','2020-07-29 02:20:53'),
('81','unde','2012-07-19 21:25:09','2020-01-17 02:35:28'),
('82','facere','2020-06-26 20:07:26','2020-05-02 04:34:18'),
('83','quae','2015-07-27 04:04:36','2020-09-04 16:07:34'),
('84','repudiandae','2018-08-07 00:53:08','2020-01-22 00:26:05'),
('85','tempore','2017-04-17 07:53:49','2019-12-10 19:24:19'),
('86','earum','2018-05-27 09:40:20','2020-02-03 09:27:23'),
('87','ducimus','2020-09-07 10:58:19','2020-08-12 04:53:26'),
('88','laborum','2017-01-31 01:55:35','2020-08-22 08:16:36'),
('89','asperiores','2013-03-30 03:32:07','2020-05-02 16:03:42'),
('90','ab','2015-04-23 13:32:54','2020-06-21 09:27:06'),
('91','voluptates','2017-10-21 03:20:59','2020-06-24 02:06:30'),
('92','sunt','2018-08-12 02:47:05','2020-06-01 08:57:26'),
('93','similique','2015-02-26 17:23:57','2020-03-21 13:49:36'),
('94','accusantium','2019-04-08 17:11:09','2019-09-16 09:52:48'),
('95','dolor','2013-06-22 01:23:37','2020-01-15 05:02:37'),
('96','est','2011-05-11 00:56:59','2019-09-26 13:00:00'),
('97','quia','2018-12-24 13:35:15','2020-06-28 17:25:41'),
('98','id','2015-08-24 15:41:36','2020-04-17 02:04:14'),
('99','quaerat','2014-07-12 16:36:54','2019-11-27 11:47:55'),
('100','nam','2017-03-18 17:44:51','2019-11-24 16:23:18'); 


DROP TABLE IF EXISTS `messages`;
CREATE TABLE `messages` (
  `id` int(10) unsigned NOT NULL AUTO_INCREMENT COMMENT 'Идентификатор строки',
  `from_user_id` int(10) unsigned NOT NULL COMMENT 'Ссылка на отправителя сообщения',
  `to_user_id` int(10) unsigned NOT NULL COMMENT 'Ссылка на получателя сообщения',
  `body` text COLLATE utf8_unicode_ci NOT NULL COMMENT 'Текст сообщения',
  `is_important` tinyint(1) DEFAULT NULL COMMENT 'Признак важности',
  `is_delivered` tinyint(1) DEFAULT NULL COMMENT 'Признак доставки',
  `created_at` datetime DEFAULT current_timestamp() COMMENT 'Время создания строки',
  `updated_at` datetime DEFAULT current_timestamp() ON UPDATE current_timestamp() COMMENT 'Время обновления строки',
  PRIMARY KEY (`id`)
) ENGINE=InnoDB AUTO_INCREMENT=101 DEFAULT CHARSET=utf8 COLLATE=utf8_unicode_ci COMMENT='Сообщения';

INSERT INTO `messages` VALUES ('1','20','11','Ut inventore a consectetur nemo quam unde sint est. Occaecati numquam debitis voluptas nihil dignissimos eius sed occaecati. Ratione impedit accusantium veniam minima in optio quia.','1','1','2012-12-14 23:55:23','2020-03-17 11:58:34'),
('2','3','69','Ab voluptates voluptatem repudiandae quasi quidem. Rem nobis consequatur saepe iusto voluptate vero non.','0','0','2014-12-18 13:39:27','2019-12-24 08:51:06'),
('3','75','56','Enim ut modi minima facilis non et. Molestiae sapiente facilis possimus praesentium amet atque. Voluptate tempore autem dolorem vero quia iure.','1','0','2014-07-29 05:51:11','2019-09-22 19:30:08'),
('4','51','35','Quibusdam quasi ea dolorum blanditiis. Vitae dolorem omnis nemo in et. Et qui enim et soluta iusto sit.','1','0','2012-10-13 22:23:35','2019-12-07 16:59:01'),
('5','11','85','Blanditiis sed natus sapiente. Similique iure delectus eaque. Ipsa qui neque ut eos possimus quia quia.','1','1','2020-06-10 04:06:39','2019-10-30 07:23:59'),
('6','13','56','Illo omnis laudantium sed molestias. Iusto itaque nam at eos consequuntur. Voluptate maiores rerum repellendus sapiente omnis eum ut. Nihil non et soluta nisi molestiae minus et.','1','0','2010-12-21 03:29:50','2020-07-28 18:01:07'),
('7','84','43','Et et qui voluptas sint dolores consequatur. Dolores vel et repellendus dicta amet quia optio. Architecto odio non earum ea.','1','0','2012-03-28 20:00:35','2020-02-23 21:04:43'),
('8','7','3','Nulla voluptas dolores quia rem odio laboriosam quibusdam blanditiis. Officiis nihil dolor voluptas corporis sapiente. Quia perferendis cum delectus explicabo est blanditiis ipsum nihil.','1','0','2013-01-23 00:50:38','2020-04-14 11:06:12'),
('9','87','23','Rerum non quas in quos dolorem dolores. Magni sed voluptate quia maiores. Et dolor voluptate sit beatae quisquam. Sunt doloribus in aut sed quo illum quam in.','1','1','2020-08-17 22:59:30','2020-02-02 02:53:52'),
('10','33','50','Culpa praesentium quo perspiciatis reiciendis consequatur qui. Culpa quia unde cumque sunt.','0','1','2011-12-30 14:04:10','2020-02-29 00:43:18'),
('11','100','64','Veritatis qui dicta voluptas. Dolor deleniti error asperiores ducimus commodi omnis eius. Excepturi omnis ipsum qui fuga tempore doloribus blanditiis recusandae.','0','0','2017-06-14 23:39:28','2020-07-06 14:02:58'),
('12','53','38','Pariatur dolores nulla tempore voluptatem. Sit nam ea quis expedita a est commodi dolores. Ullam laudantium explicabo sit nobis. Minima necessitatibus quidem sapiente harum reprehenderit sapiente consequatur.','1','1','2014-10-31 20:34:35','2020-07-31 04:48:29'),
('13','92','34','Ut maxime repellat explicabo sed. Vitae et architecto provident ratione atque pariatur dolorum. Quo pariatur eius est esse cum enim eum tempora.','1','1','2019-02-17 15:57:23','2020-04-03 11:40:41'),
('14','38','17','Iusto harum rerum dolores quas vel reprehenderit dolorem. Aut distinctio facilis voluptatem quibusdam et impedit. Laborum ea corrupti unde eos quia autem. Accusantium deserunt amet unde perferendis explicabo.','0','1','2016-12-22 23:28:05','2020-04-13 13:43:07'),
('15','36','12','Dolore architecto perspiciatis est maiores a commodi alias. Sapiente quia inventore laudantium saepe iure cumque sit. Corporis facilis corrupti est qui ea ipsam.','1','1','2012-09-14 00:48:22','2020-03-06 11:53:22'),
('16','34','55','Quas molestias exercitationem numquam id dolorem amet maxime. Repellat qui et aut ad quia. Aut deleniti ut aspernatur pariatur ut voluptate. Architecto veniam a perferendis placeat non ipsum doloremque.','0','0','2020-06-14 13:04:17','2020-09-02 11:09:42'),
('17','22','37','Labore ab voluptatibus sint modi et. Nostrum amet ea autem totam.','1','0','2019-02-23 22:37:09','2019-10-20 17:11:46'),
('18','24','96','Voluptate omnis in vel sunt deserunt. Porro autem minima ab illo quia. Dolorem maxime ut voluptatibus sed odio et omnis.','1','1','2014-06-12 09:59:21','2019-11-12 23:33:06'),
('19','92','74','Unde assumenda necessitatibus ipsa. Ut consectetur est aut et cupiditate omnis repellendus. Perferendis perferendis velit facere quaerat nihil autem voluptas ipsum. Aut earum et libero voluptatem eos voluptatem officiis.','0','1','2017-03-09 00:05:13','2020-01-13 20:04:38'),
('20','31','3','Saepe alias eaque explicabo ducimus quia id molestias. Sunt quaerat dolorem ex beatae debitis totam consequatur. Consectetur facere vel dolore animi. Nesciunt reprehenderit in ut iste fuga eos.','1','0','2020-04-30 18:13:58','2020-03-14 14:10:31'),
('21','59','44','Voluptatem aut et repudiandae rerum. Cupiditate nobis cum facere dolore quasi. Unde voluptatum beatae eveniet ducimus. Repellat recusandae distinctio molestias provident rerum sint est. Qui rerum aut quibusdam quia error quisquam.','1','1','2019-06-17 23:19:26','2020-04-21 19:08:15'),
('22','59','43','Nulla impedit consequatur ipsum. Repellat nesciunt et at vero. Repellat repellendus ratione veniam commodi et fugiat voluptate. Placeat sunt necessitatibus in suscipit architecto dolore ex.','0','0','2012-06-10 10:39:42','2019-12-25 14:04:11'),
('23','86','65','Doloribus vero nihil perferendis tempore. Enim doloribus quis unde nostrum. Distinctio asperiores est porro veniam et porro vero consequatur. Quaerat rerum ea nihil voluptatem quia.','0','0','2016-09-11 15:02:18','2019-11-12 23:33:16'),
('24','45','73','Non in et et ipsum ex quo. Officia et veritatis molestiae dolores explicabo et. Unde tempora sunt rerum ad consectetur. Iure nemo voluptas aut labore aut.','1','0','2011-09-21 11:19:58','2019-10-07 21:36:06'),
('25','88','78','Quibusdam mollitia similique rerum asperiores. Voluptatum excepturi illum repudiandae aut sunt.','1','1','2018-01-13 00:18:20','2020-05-07 22:15:09'),
('26','23','87','Qui rerum voluptates enim nihil eveniet eligendi. Perspiciatis occaecati sit debitis et qui. Dolor aut est harum quod temporibus ut tempora.','1','0','2011-11-15 04:11:23','2020-03-29 07:28:54'),
('27','41','75','Libero dolorem aliquid nihil nulla consequatur. Ex distinctio autem illo voluptas vel id. Nulla illo sapiente ipsa ut nam tempore et est. Quisquam harum dolorem placeat veniam dolores possimus odit.','0','0','2011-01-10 02:17:07','2020-05-02 04:13:57'),
('28','25','32','Non dolor quia voluptatem nihil est voluptas. Dolores magnam mollitia necessitatibus ipsa.','0','0','2013-10-23 01:07:26','2019-11-26 19:01:54'),
('29','8','63','Autem inventore autem quibusdam rerum. Hic aperiam accusamus provident aut. Sit aut repellat quo laudantium excepturi inventore et deleniti.','0','1','2018-10-26 07:49:51','2020-01-05 14:50:30'),
('30','48','43','Eaque esse vel iste quia a. Qui at sit eveniet natus corporis quod ducimus. Est non asperiores fuga ut qui nam eligendi. Ipsam dolor sit laudantium itaque modi.','0','1','2011-07-28 10:49:36','2019-11-10 07:22:00'),
('31','74','82','Temporibus doloremque est voluptates rerum asperiores. Dolorum enim blanditiis aut quidem quia voluptas alias. Quis ab aut sit et maiores.','0','0','2011-08-17 16:02:58','2019-12-26 02:10:05'),
('32','98','96','Aliquid sint quod est. Nostrum soluta qui aperiam soluta deserunt ut architecto. Reprehenderit nihil incidunt sit voluptatem beatae quia. Pariatur quia rerum voluptate velit nobis.','1','0','2013-11-23 18:59:17','2020-02-08 00:16:15'),
('33','18','22','Qui aut suscipit ut velit quae commodi et. Sit nihil ex provident ipsum. Optio qui modi et aliquam ipsum. Reiciendis modi ipsam ipsam aut dicta.','1','0','2012-04-28 02:25:25','2019-12-24 13:40:23'),
('34','92','9','Ut est distinctio dicta pariatur. Laboriosam sunt molestiae et modi eaque. Ab pariatur neque laudantium sint recusandae eos sit.','0','0','2016-08-29 02:17:22','2020-02-07 05:47:08'),
('35','96','22','Culpa eum est unde autem dignissimos occaecati aliquid. Delectus molestias saepe sed quod ut officia mollitia. Sit dolores eum ab et ea.','0','0','2018-10-25 21:12:06','2019-11-23 11:08:13'),
('36','12','55','Voluptas quas quia tenetur eligendi in. Sed eligendi provident qui fuga neque. Eum voluptas necessitatibus sint aut unde facilis dolorem.','0','0','2010-09-25 18:15:52','2020-05-24 05:10:09'),
('37','65','70','Voluptatem occaecati aut consequatur blanditiis quod. Pariatur velit consequuntur eum omnis veritatis cum. Odit qui quaerat dolorem. Doloremque eum eum ut.','0','1','2017-02-15 14:38:43','2020-01-05 08:11:00'),
('38','97','51','Consequuntur autem error et quaerat. Dolores et optio saepe. Iusto non quia atque vel. Non possimus ipsum veritatis omnis. Sint eius fugiat vel tempore sunt similique maiores.','1','0','2019-12-24 06:26:37','2019-12-05 04:06:40'),
('39','35','42','Eius qui inventore magnam modi ea officia. Ullam eum ducimus non saepe quia et reprehenderit cumque. Labore dolorum officiis voluptatem molestiae. At quae aspernatur iusto consequuntur dolor.','1','1','2014-08-11 22:46:07','2020-03-06 22:57:47'),
('40','23','22','Sed rerum dolores dolores. Ad quia quo similique aut neque facere sunt rerum. Ab dignissimos veniam ut ut dolorem repudiandae.','0','1','2013-03-27 10:23:56','2019-09-14 23:38:17'),
('41','19','45','Quo porro esse accusamus expedita at porro nihil. Qui quisquam reiciendis cupiditate omnis aut ducimus. Sequi nihil suscipit reprehenderit pariatur voluptatem est quo. In qui est qui vel veniam.','1','1','2014-02-22 04:52:11','2020-02-13 20:31:01'),
('42','9','60','Aut quam accusantium qui autem qui distinctio. Qui molestiae exercitationem corporis.','1','0','2017-05-27 01:14:07','2019-10-26 02:09:36'),
('43','20','34','Veniam fugiat qui eveniet assumenda nihil recusandae recusandae. Itaque quae nobis veritatis. Asperiores rerum nihil beatae id. Aut ullam modi odio officiis.','1','0','2018-12-11 20:57:41','2019-09-27 02:38:15'),
('44','92','28','Totam dolorum iusto animi nostrum quaerat autem laborum. Dolorem velit veniam qui aut mollitia enim. Sunt dicta aut et veritatis vel.','1','1','2019-01-02 01:20:16','2020-01-28 22:25:40'),
('45','96','40','Sunt explicabo ipsam voluptatem atque. Et molestiae distinctio odio itaque. Cumque qui ea atque odit ipsa recusandae.','1','0','2014-06-15 22:22:48','2020-03-19 08:27:02'),
('46','71','70','Iusto optio minima voluptas sed. Qui dolores mollitia corrupti dolor odio ullam deserunt.','0','0','2016-09-07 12:58:32','2020-06-01 04:40:34'),
('47','21','69','Quae soluta vitae nam optio molestiae. Illo necessitatibus quis iste tempora amet qui. Voluptatem minus molestiae nulla.','1','0','2012-08-13 23:35:10','2019-11-22 16:26:51'),
('48','66','38','Distinctio et quos culpa sit laudantium. Libero magnam cupiditate eaque nisi reiciendis praesentium. Aut accusamus praesentium neque ducimus voluptatem et.','0','0','2019-12-26 06:36:55','2020-06-19 19:15:38'),
('49','90','57','Quos tenetur voluptatem id libero rem omnis laboriosam. Est dolore veniam eos natus modi. Explicabo ipsum vero rem animi corrupti.','1','0','2017-08-30 20:03:54','2019-10-26 07:04:40'),
('50','47','85','Possimus quo suscipit nihil sint debitis. Repellat beatae delectus itaque. Pariatur eum sint praesentium odio aliquam vitae.','1','0','2018-12-03 05:18:44','2019-09-21 18:34:22'),
('51','79','58','Consequatur id sit voluptatem necessitatibus voluptatibus et minus praesentium. A sint saepe aut non ipsum provident labore. Ut tempore beatae aliquam nulla soluta at est. Iste non molestiae ipsum deleniti id.','1','1','2013-07-14 13:12:31','2020-04-29 22:17:23'),
('52','39','43','Ratione accusamus et incidunt aut perferendis animi qui consequatur. Ut quibusdam itaque aut aut. Expedita eos repellat eum asperiores perferendis. Error totam quam quibusdam corporis in ea. Ab quidem et perspiciatis voluptates assumenda natus quis.','1','0','2018-08-07 21:35:04','2020-06-24 07:47:59'),
('53','27','35','Modi laudantium nobis illo ut maxime. Id minus quisquam voluptate animi. Possimus quae qui aut labore officiis. Eius quia hic vel fugiat sit voluptatum.','0','0','2015-06-15 13:05:52','2020-04-28 06:55:54'),
('54','94','61','Nostrum hic enim ut praesentium fugiat qui. Autem fugit reprehenderit corrupti dolorem quod. Rem laudantium dicta est provident hic sed non. Repellat illum sit id odio reprehenderit ad ut et.','0','1','2015-09-17 10:57:12','2020-05-28 11:37:33'),
('55','77','17','Reprehenderit amet repellat molestias accusantium autem eligendi. Ea aut at quaerat soluta quisquam. Optio quis sit quaerat quos sint dolorem. Repudiandae atque qui fugiat architecto et.','1','1','2014-10-12 14:09:30','2020-03-04 16:29:12'),
('56','83','95','Est est sunt nulla corporis eum. Aut natus id et non nam sed. Est ex repellendus debitis labore sint recusandae mollitia hic. Facere ut beatae animi ipsam. Nobis eos rerum sint voluptatem assumenda.','0','1','2016-07-08 13:34:04','2020-01-25 04:06:35'),
('57','62','92','Magni labore qui libero labore. Qui et odio qui qui commodi neque. Ut et hic ex tenetur impedit non. Et temporibus possimus sit nemo.','0','0','2015-06-06 00:37:39','2019-09-18 23:10:21'),
('58','55','81','Exercitationem saepe natus impedit vel tempora. Ea praesentium et culpa accusamus aut culpa. A porro minima sit facere dolorum. Ea dolorum assumenda et ea quo tenetur assumenda.','1','1','2015-08-17 13:38:57','2020-05-07 15:58:26'),
('59','26','46','Recusandae nihil rem at beatae non. Distinctio at sed vel eum dolorem consectetur. Molestias similique enim magnam ducimus. Quis eos repellat sed necessitatibus fuga et sequi fugiat.','1','0','2017-09-19 15:41:08','2019-11-30 10:45:26'),
('60','9','21','Ut quidem nulla totam et. Tenetur et eos et aut dolor expedita. Sed qui aut eaque hic in est impedit. Id cumque voluptatem quod.','0','0','2012-11-01 16:53:58','2020-04-26 18:58:05'),
('61','85','79','Ea voluptates molestiae explicabo. Magni veritatis ut officia et ut voluptas veniam. Vitae voluptate laudantium repudiandae facere iste vel.','1','0','2018-04-27 16:20:38','2020-05-19 05:15:42'),
('62','91','5','Cupiditate aliquid est nesciunt sed. Possimus aut minus sit quis voluptatem. Odio alias natus sunt numquam quos molestiae iure qui. Et id earum voluptas tempore labore nulla quo. Natus debitis possimus dolores error dolorem mollitia reprehenderit.','0','0','2019-08-21 10:49:33','2020-05-28 16:05:34'),
('63','47','56','Voluptas ipsa ipsam eum perspiciatis et quidem quibusdam distinctio. Dolor numquam mollitia ab cum adipisci ut beatae qui. Suscipit est assumenda dolor. Vel fugit voluptates voluptatem quia culpa.','0','1','2019-06-09 02:19:42','2019-09-18 09:01:58'),
('64','43','36','Sunt quas laboriosam eaque doloribus quaerat. Molestiae aut nobis ut eos fugit sint mollitia. Et ipsam et porro voluptatum quibusdam. Delectus omnis repudiandae doloribus et.','0','1','2016-09-02 21:02:09','2019-09-08 22:20:11'),
('65','13','89','Voluptatem quia in vero et id. Non et laudantium qui quod eum. Est qui placeat ad aut expedita nostrum non. Aut voluptatem quia facere modi.','0','1','2014-01-28 12:33:59','2020-01-23 20:34:15'),
('66','21','91','Tenetur similique neque ut dolorem. Ut ut molestiae qui accusantium et. Dolor esse consequatur repudiandae ut eaque unde. Delectus totam eum repellendus aut.','0','1','2018-06-20 05:24:12','2019-09-11 19:41:48'),
('67','47','60','Cum ex et facilis maxime eligendi non. Autem rerum praesentium laboriosam qui aperiam omnis. Praesentium aut sapiente ut non.','1','1','2016-02-27 00:00:01','2020-06-24 13:12:06'),
('68','34','73','Fuga dolores sed atque est repellendus optio. Aliquam laboriosam ea quisquam. Ipsam quam cupiditate reiciendis.','1','0','2011-11-02 10:37:09','2019-11-30 09:56:22'),
('69','95','28','Reprehenderit perspiciatis deserunt deleniti consequatur ipsa. Quia consequatur quia vel. Commodi quia enim officia minus quibusdam. Sit delectus consequuntur mollitia aut dolore tenetur provident voluptatem.','1','1','2015-01-03 22:09:58','2020-07-24 01:24:40'),
('70','34','71','Necessitatibus necessitatibus consequatur fuga et aut. Dolorem neque sequi possimus ipsam commodi non illo illum. Enim culpa unde nihil enim architecto cum. Nihil vero expedita accusantium.','0','0','2015-11-26 05:16:03','2019-12-20 07:56:35'),
('71','44','17','Ratione dolor ut laborum cum. Illo natus placeat ullam.','1','1','2014-07-17 01:13:18','2020-06-24 14:15:52'),
('72','66','5','In pariatur tempora fugiat quia sunt commodi qui maiores. Itaque earum culpa aut eum quia.','1','1','2016-04-18 12:34:12','2020-08-03 12:01:45'),
('73','9','20','Nesciunt doloribus exercitationem soluta et iste. Consequatur soluta eum expedita commodi. Ut nisi eum qui architecto harum et. Soluta labore voluptatem ex nulla.','0','1','2013-07-15 16:36:08','2020-03-27 09:07:57'),
('74','85','34','Saepe quod ut excepturi eum ea corporis. Numquam ipsa vel minima consectetur ducimus aut qui id. Rerum numquam sed dolor quaerat qui quis animi exercitationem. Error cupiditate ullam non ullam vero facilis.','0','1','2013-09-10 13:06:43','2020-07-22 22:51:48'),
('75','65','94','Totam numquam dolores voluptatibus molestiae. Exercitationem repellendus voluptatem ducimus fugiat. Nihil recusandae sapiente sint modi dolorem voluptatem cumque. Blanditiis facere voluptatum qui.','1','0','2019-07-06 05:19:31','2020-04-28 12:28:32'),
('76','55','49','Dicta sunt vitae enim cumque voluptas harum. Eum quaerat aut praesentium et quidem provident. Iure velit itaque repellendus quia autem. Dolorem eum rerum voluptas assumenda.','0','1','2013-10-23 01:34:27','2020-01-02 20:05:57'),
('77','72','46','Quam voluptates aliquam dolore veritatis aut est omnis corrupti. Rerum numquam necessitatibus sunt quo accusantium et qui. Et vel quasi nisi qui.','1','0','2012-05-01 07:01:10','2019-12-03 09:19:42'),
('78','54','18','Error natus laudantium aut non et. Omnis sequi nihil quas eum sint voluptates omnis. Nemo recusandae veniam possimus velit qui ut et. Ipsa enim corporis voluptas odit quis quae.','0','1','2019-01-22 12:55:59','2019-12-12 16:31:58'),
('79','1','96','Ullam ea corporis ad possimus molestias. Fugit et dolores quia officiis architecto sed voluptatem. Non distinctio earum et ipsum minima nihil est.','0','1','2018-05-02 16:06:38','2020-03-24 18:08:46'),
('80','54','14','Pariatur fugiat officia nisi ipsam hic dolorem eligendi. Est ex vel et qui. Enim doloribus sunt architecto ut.','1','1','2017-09-21 22:53:23','2019-09-29 07:11:45'),
('81','85','75','Animi harum adipisci sed fugiat magni fuga. Amet fuga molestiae quia ipsum vitae voluptates. In necessitatibus qui tenetur qui totam eos rerum pariatur. Suscipit autem in consequatur enim amet quis delectus.','1','0','2011-02-05 09:21:56','2020-04-23 14:43:56'),
('82','5','31','Aperiam fuga quos nemo quisquam veniam. Autem id numquam aspernatur exercitationem eum totam. Quam molestias neque voluptas et. Aut soluta soluta cumque repudiandae praesentium eaque rerum.','1','1','2016-11-24 00:29:07','2020-03-31 10:23:25'),
('83','34','38','Omnis laboriosam pariatur consectetur eos. Quibusdam natus voluptatum repudiandae. Necessitatibus consequatur aut tempore porro deserunt quas. Officiis voluptas velit dolorem sit deserunt.','1','0','2018-11-22 15:48:24','2019-09-21 01:53:38'),
('84','4','28','Corrupti itaque quisquam voluptatum eligendi consequuntur. Voluptatibus voluptatem sunt sint rerum non. Esse dolorem totam voluptates libero tempora. Voluptas corrupti qui inventore consequatur.','1','0','2017-02-26 11:50:07','2020-08-13 23:32:49'),
('85','65','38','Doloribus aperiam dolorem in quia. Praesentium non soluta esse odio. Aut iusto vitae repellat cupiditate corporis doloremque.','0','1','2014-12-02 15:18:15','2020-07-06 20:40:13'),
('86','98','8','Doloribus rerum quia nulla voluptates. Et deleniti quibusdam quia. Qui ut sit facilis. Beatae repellendus consectetur et nihil.','1','1','2012-04-13 07:20:09','2020-08-07 23:44:36'),
('87','55','63','Qui ut sed quam corporis reprehenderit. Nemo consequuntur aut doloribus qui et amet aliquam velit. Sapiente labore enim et consequatur veniam tempora.','0','1','2019-01-24 09:27:02','2020-04-11 09:45:02'),
('88','13','63','Sed quia labore sit ut sunt est. Sequi consectetur earum consequatur autem dicta voluptate. Minus tenetur commodi qui cumque quia numquam ex. Sint qui optio doloremque recusandae ut consectetur.','1','1','2012-04-09 23:06:49','2019-12-31 12:42:30'),
('89','82','98','Debitis consequatur ex ut nihil dignissimos est ullam. Dolorem ipsum non qui explicabo. Pariatur iste sint quisquam sed totam.','1','0','2014-11-27 12:37:23','2019-12-30 16:10:14'),
('90','97','46','Corrupti quam et facilis sed. Nam est dolorem sapiente amet. Est iusto eaque qui voluptatibus molestias quae.','1','1','2014-03-08 21:19:45','2019-10-12 14:20:43'),
('91','91','51','Molestiae nesciunt aut quis doloremque aut ut. Vel voluptatem et saepe itaque odio. Quam ullam saepe molestiae optio deleniti. Exercitationem libero omnis harum tempora.','0','1','2013-06-27 12:13:11','2020-08-08 16:32:35'),
('92','95','62','Repellat quibusdam optio repellendus. Cupiditate quas libero ducimus ipsum molestiae dolorum. Rem sint consequuntur et doloribus cum. Qui odit facilis ducimus quasi ipsa placeat.','0','1','2015-04-19 01:28:15','2020-08-25 08:17:01'),
('93','96','49','Ut illo ut ut nostrum voluptatem excepturi. Harum libero et sapiente eos sit tempora placeat. Nemo unde est assumenda dolores. Id sapiente at provident illum rerum dolorum tempore.','0','0','2013-07-15 03:11:53','2019-12-02 01:59:51'),
('94','80','97','Et ut doloremque nihil ut veritatis aliquid porro. Iste tempore in maxime voluptatem ullam beatae. Velit et quisquam inventore dolor accusamus natus quo est. Tempore qui et magnam doloribus voluptas.','1','1','2018-01-20 14:32:28','2019-09-14 11:58:07'),
('95','45','34','A quibusdam reiciendis cupiditate rerum eos. Ea voluptate earum quam perspiciatis voluptate. Deserunt voluptatem dolor exercitationem sit ab. At non delectus praesentium veniam.','1','1','2012-03-03 13:46:28','2019-10-15 18:08:49'),
('96','10','29','In dolorem ut sint possimus. Quas nemo nostrum placeat nam autem in qui. Consequatur ipsa explicabo sed dolores.','0','1','2015-11-19 12:12:39','2019-09-09 04:04:28'),
('97','8','15','Et eius quia magni qui ut nisi. Eligendi excepturi praesentium at. Rem laudantium quis facere at quam repudiandae in reprehenderit.','0','0','2014-10-26 00:36:09','2019-12-18 07:47:02'),
('98','60','41','Velit est fugit facilis dolore illo. Accusamus sed incidunt nostrum. Quisquam autem debitis corrupti veniam nisi. Et fugiat aut harum quos.','1','1','2015-04-24 01:46:31','2020-04-24 05:20:37'),
('99','52','64','Placeat molestiae excepturi dolorem labore aspernatur voluptas. Sequi qui temporibus libero eos rerum qui. Sapiente reiciendis quae nemo esse et nemo. Rerum veritatis aliquam corrupti rerum quia corporis ex velit.','1','0','2016-06-06 15:13:39','2020-03-24 05:28:39'),
('100','68','17','Omnis pariatur sequi nesciunt minima sed. Ipsam numquam blanditiis unde omnis ut dignissimos. Consequatur et aliquid praesentium porro nemo aspernatur.','1','1','2015-01-19 03:08:37','2019-11-12 12:08:01'); 


DROP TABLE IF EXISTS `profiles`;
CREATE TABLE `profiles` (
  `user_id` int(10) unsigned NOT NULL COMMENT 'Ссылка на пользователя',
  `gender` char(1) COLLATE utf8_unicode_ci NOT NULL COMMENT 'Пол',
  `birthday` date DEFAULT NULL COMMENT 'Дата рождения',
  `photo_id` int(10) unsigned DEFAULT NULL COMMENT 'Ссылка на основную фотографию пользователя',
  `status` varchar(30) COLLATE utf8_unicode_ci DEFAULT NULL COMMENT 'Текущий статус',
  `city` varchar(130) COLLATE utf8_unicode_ci DEFAULT NULL COMMENT 'Город проживания',
  `country` varchar(130) COLLATE utf8_unicode_ci DEFAULT NULL COMMENT 'Страна проживания',
  `created_at` datetime DEFAULT current_timestamp() COMMENT 'Время создания строки',
  `updated_at` datetime DEFAULT current_timestamp() ON UPDATE current_timestamp() COMMENT 'Время обновления строки',
  PRIMARY KEY (`user_id`)
) ENGINE=InnoDB DEFAULT CHARSET=utf8 COLLATE=utf8_unicode_ci COMMENT='Профили';

INSERT INTO `profiles` VALUES ('1','w','1980-11-09','50','Magni quidem nostrum nisi.','South Loiston','Antarctica (the territory South of 60 deg S)','2010-09-13 13:24:36','2020-01-27 00:48:25'),
('2','g','1980-04-17','70','Qui voluptatem tenetur asperio','New Donna','Cayman Islands','2013-11-18 09:03:02','2020-03-04 17:41:46'),
('3','c','1992-03-18','19','At eum eligendi consequatur at','New Anguston','Germany','2010-10-29 14:11:00','2020-07-14 03:48:58'),
('4','e','1986-07-10','93','Id dolor id inventore eius ven','South Muhammadfurt','Isle of Man','2015-02-08 05:08:15','2019-11-20 12:44:54'),
('5','y','1979-10-25','10','Est eligendi mollitia neque eu','Richieland','Papua New Guinea','2016-05-06 17:27:20','2019-09-22 23:38:14'),
('6','z','1995-02-20','59','Dolorum possimus omnis est des','Arnochester','Uganda','2016-01-14 15:11:37','2020-06-23 07:21:48'),
('7','v','1970-01-28','99','Qui ea molestiae ut.','North Hank','San Marino','2020-02-07 16:00:43','2019-10-27 18:41:49'),
('8','q','2009-03-25','77','Sed et maxime aut aut iure dol','Thielport','Taiwan','2017-02-26 10:59:11','2019-12-16 20:55:35'),
('9','v','2012-10-13','62','Atque quae omnis rerum sint vo','West Braxton','Chad','2017-10-20 07:05:18','2019-10-07 08:44:41'),
('10','h','2002-07-21','42','Impedit nemo est eaque repudia','Harrisland','Western Sahara','2016-08-23 10:25:17','2020-03-14 21:00:42'),
('11','k','1990-07-26','79','Qui aut neque omnis pariatur p','Lake Kris','United States Virgin Islands','2016-07-13 14:37:40','2019-09-30 20:41:57'),
('12','s','1999-09-20','41','Ut quisquam necessitatibus et ','New Juliafurt','India','2019-08-03 05:23:26','2019-09-24 21:50:14'),
('13','h','2017-04-03','84','Dolorum earum sed id ipsum ut.','West Nestormouth','Australia','2011-08-30 09:33:14','2019-11-01 01:33:09'),
('14','x','1984-08-26','38','Architecto quam id et et dolor','Theoshire','Honduras','2018-05-26 21:10:50','2020-02-03 22:30:58'),
('15','d','2008-10-18','54','Magnam omnis dolor incidunt su','Schuppeville','Uganda','2013-08-13 17:23:48','2020-04-27 03:11:29'),
('16','p','2007-11-10','16','Odit et est exercitationem asp','Marciachester','Togo','2011-12-06 18:09:16','2020-04-19 16:23:11'),
('17','u','1978-04-15','18','Est reprehenderit voluptatem p','North Briana','Central African Republic','2016-06-24 04:03:17','2020-08-19 13:49:21'),
('18','p','1999-11-21','87','Fugiat perspiciatis iure volup','West Wadeside','Uruguay','2013-01-06 23:12:24','2020-04-09 14:14:40'),
('19','b','2014-11-01','47','Fugiat aut rerum aliquam paria','West Garett','Brazil','2016-09-12 21:10:42','2020-04-07 02:33:06'),
('20','y','1996-08-31','15','Quibusdam voluptatem qui ducim','Sidneystad','Bosnia and Herzegovina','2012-05-22 19:46:33','2020-06-10 05:52:16'),
('21','n','1973-12-11','51','Atque temporibus sed in nulla.','Georgettemouth','Belize','2011-10-03 18:45:44','2020-02-13 07:21:53'),
('22','z','1979-06-26','96','Asperiores voluptatibus sint m','Chandlerchester','Bermuda','2018-09-29 11:31:58','2020-05-19 12:59:01'),
('23','j','1970-02-13','27','Voluptas eum sed recusandae sa','Janaland','Japan','2018-07-07 13:13:38','2020-05-01 19:48:53'),
('24','j','2002-08-09','94','Ut sint dolorum cum qui ullam ','Schoenmouth','Macedonia','2015-02-03 07:11:30','2020-03-14 01:55:20'),
('25','y','2008-08-10','76','Sed praesentium exercitationem','Rustyfurt','Guatemala','2017-01-30 13:45:15','2020-09-03 20:04:34'),
('26','h','1996-08-08','5','Exercitationem ducimus quam ha','Carterbury','Kuwait','2018-07-30 15:39:45','2020-01-10 21:50:28'),
('27','p','1994-11-05','90','Temporibus officiis non sunt a','Port Loyal','Anguilla','2014-04-01 21:56:55','2020-01-13 16:59:00'),
('28','g','2014-05-24','94','Eaque eum nulla quibusdam.','New Levi','Cape Verde','2020-02-14 04:40:04','2020-02-10 11:57:33'),
('29','v','1983-01-25','44','Nihil accusamus at odit asperi','South Adellborough','Ghana','2019-04-11 23:58:03','2020-02-20 22:24:10'),
('30','f','1975-09-29','7','Modi accusantium non qui quis ','Yostview','Palestinian Territory','2019-09-29 02:21:57','2020-07-08 07:16:54'),
('31','n','2000-09-30','30','Dolor hic accusamus totam volu','Loyceburgh','Ireland','2020-07-01 00:33:17','2020-08-10 05:11:57'),
('32','x','2009-02-04','72','Voluptate voluptatibus rerum e','South Stanleyfurt','Gambia','2015-03-16 13:01:40','2020-01-28 19:04:50'),
('33','f','1985-07-13','84','Ducimus quia repellat ea quia ','Rennerfort','Afghanistan','2012-06-08 08:29:51','2020-05-10 22:14:58'),
('34','u','2006-11-02','80','Magni et repudiandae accusamus','Lake Reva','Turkey','2015-08-03 13:32:16','2019-10-11 08:32:55'),
('35','i','1987-01-20','66','Nobis dolorem ipsa est sint co','Port Magdalenaville','Cyprus','2019-06-21 08:23:32','2020-02-05 12:35:42'),
('36','c','1994-09-27','18','Ut aut necessitatibus in verit','West Veldaland','Cambodia','2012-05-27 07:01:32','2020-06-10 06:50:39'),
('37','h','2001-04-17','45','Nemo aut vel id voluptatem lib','Teaganberg','United States Minor Outlying Islands','2019-07-07 19:21:49','2019-11-12 22:36:41'),
('38','k','1976-07-29','21','Nulla ut nihil et ut.','Meghanside','Mayotte','2016-02-14 21:38:59','2019-12-15 01:04:57'),
('39','n','1995-03-31','12','Id reprehenderit esse repellen','Sebastianland','Afghanistan','2018-06-06 02:33:12','2019-11-08 15:00:36'),
('40','s','1986-02-07','75','Voluptates in voluptatem sequi','West Kenyon','Turkmenistan','2014-01-28 10:36:00','2019-10-26 02:08:53'),
('41','k','1989-05-14','94','Eaque eligendi hic quo dolorum','East Muhammadborough','Turkmenistan','2019-06-19 20:50:31','2019-09-11 15:48:18'),
('42','m','2000-01-13','63','Ad quibusdam eum et.','Lake Cyrusburgh','Antarctica (the territory South of 60 deg S)','2019-08-19 11:44:20','2019-11-20 07:50:33'),
('43','h','2007-05-04','44','Autem provident illo ad magnam','Lueton','Macedonia','2016-10-09 22:48:00','2020-05-21 03:04:52'),
('44','k','2002-11-10','96','Non dolores eos eos quia.','Turnershire','Australia','2018-12-25 16:44:50','2020-02-02 16:48:32'),
('45','s','1979-06-05','68','Asperiores dicta ea qui non qu','New Hilda','Saint Pierre and Miquelon','2013-06-06 15:25:30','2020-01-05 09:19:49'),
('46','r','1973-07-20','66','Et nostrum sunt culpa dolores.','North Cadebury','Isle of Man','2016-03-17 20:55:17','2019-10-07 14:35:44'),
('47','p','1981-05-01','5','Aut eius excepturi quas eius m','South Trechester','Jamaica','2018-07-20 02:33:22','2019-11-09 02:58:57'),
('48','p','2006-06-29','51','Natus id tempora molestias.','South Arianna','Tanzania','2017-06-13 07:27:32','2020-01-17 01:52:47'),
('49','u','1980-04-12','92','Maxime omnis saepe nihil labor','New Frederickborough','Costa Rica','2016-09-30 07:24:21','2020-04-03 07:45:49'),
('50','h','1976-07-23','52','Non sint vel ipsa ut qui hic.','West Jailyn','Spain','2018-04-08 20:14:06','2019-10-16 16:45:57'),
('51','p','1992-09-15','32','Voluptatem qui sapiente modi v','Jaynefurt','Chile','2016-12-04 08:10:34','2020-01-30 10:02:45'),
('52','l','1993-02-22','87','Dolorum autem perferendis quae','Hertaville','Latvia','2016-06-24 14:34:59','2020-01-04 01:41:25'),
('53','n','2003-05-31','90','Voluptate consequatur dicta do','New Ivahburgh','Bangladesh','2013-02-25 18:21:06','2019-09-29 08:38:06'),
('54','k','2018-11-17','58','Reprehenderit ut et voluptatem','Janessaland','Latvia','2011-08-20 06:30:46','2019-10-03 01:29:53'),
('55','c','1975-09-07','45','Aliquam id sed itaque ducimus ','Muellerland','Venezuela','2018-12-24 10:12:02','2020-05-24 00:26:14'),
('56','f','1997-02-28','32','Vero in ratione doloribus enim','East Brendaland','Belarus','2015-12-13 21:49:13','2020-05-07 08:08:21'),
('57','f','1997-07-12','46','Eos labore pariatur voluptas r','South Savion','France','2017-09-18 05:49:34','2019-09-24 20:56:49'),
('58','j','1992-06-01','7','Quia quia error a sint volupta','West Jayce','Armenia','2017-02-27 01:29:29','2020-08-02 13:15:51'),
('59','v','1980-03-22','91','Tenetur autem ut eaque.','New Laverneside','Lithuania','2020-01-25 14:50:20','2019-09-11 17:51:00'),
('60','m','1971-09-19','44','Quos velit et aut dolor suscip','South Pierre','Mayotte','2013-11-25 19:16:53','2019-12-23 03:17:43'),
('61','q','2002-07-15','22','Quaerat rem laboriosam tenetur','Elmochester','Iraq','2015-01-29 06:14:21','2020-04-30 12:57:21'),
('62','i','1993-05-29','4','Labore corporis hic quo necess','North Isadoreport','Cuba','2011-01-09 06:30:27','2019-10-26 08:35:23'),
('63','p','2012-04-20','96','Saepe sunt nihil a minus molli','Marieview','Uzbekistan','2017-01-27 06:38:34','2020-02-28 01:11:21'),
('64','e','2015-06-20','3','Provident est maxime velit sit','Nicolasmouth','Mauritius','2013-12-20 00:03:52','2019-11-16 08:12:20'),
('65','e','1972-11-06','26','Quod quia minus deleniti quos ','South Napoleonborough','United States Virgin Islands','2013-01-28 16:22:10','2020-09-04 00:49:04'),
('66','x','2015-02-11','66','Assumenda dolore deleniti quae','Kaylastad','Tajikistan','2012-08-31 16:28:03','2019-12-24 20:43:25'),
('67','u','1995-10-08','98','Deserunt incidunt nisi odio.','Lake Athena','Panama','2010-10-30 17:33:03','2020-02-15 11:37:54'),
('68','q','2009-01-01','91','Odit nostrum et impedit velit ','Darleneshire','Puerto Rico','2013-01-26 01:52:25','2020-03-05 09:10:06'),
('69','m','2016-05-23','74','Quis inventore perspiciatis qu','McGlynnmouth','Germany','2014-08-13 21:25:11','2020-06-01 16:09:25'),
('70','q','1972-08-02','67','Voluptatum quis velit et quia ','Augustineville','Armenia','2020-03-22 18:43:12','2020-04-27 19:31:01'),
('71','t','2007-01-07','60','Assumenda cum ipsum molestiae ','Ruthton','Montenegro','2015-05-11 03:42:57','2020-06-06 03:37:27'),
('72','k','2007-05-28','32','Id quis at id repellat.','Loweport','Saint Lucia','2015-05-07 13:50:18','2020-02-12 06:04:01'),
('73','c','1984-08-18','48','Id quidem accusantium sed moll','Adriannachester','South Africa','2011-01-07 15:28:14','2019-12-16 18:56:51'),
('74','c','1976-05-21','43','Perspiciatis consequatur volup','East Jayceeshire','Fiji','2020-06-16 20:01:32','2019-10-10 10:08:50'),
('75','m','2012-04-15','14','Doloremque asperiores consecte','New Gerda','Belarus','2011-09-09 07:59:28','2020-01-28 09:16:58'),
('76','z','1987-05-28','97','Dolor aut molestiae quas qui q','Tressieview','Lesotho','2013-12-16 17:21:35','2020-06-15 11:02:33'),
('77','b','1995-06-04','42','Dolorum qui repellat quo nam.','Port Lela','Seychelles','2012-07-22 00:15:12','2020-07-06 21:45:15'),
('78','u','2006-10-07','84','Aut et id blanditiis ab id eos','Dixiemouth','Maldives','2019-03-20 13:35:51','2020-03-24 00:40:36'),
('79','k','2010-03-07','83','Non voluptas velit minima nihi','Maggiohaven','Luxembourg','2017-05-26 21:17:54','2020-04-04 06:31:36'),
('80','m','1972-01-12','16','Delectus cum aut sint non labo','Ahmedmouth','Kyrgyz Republic','2013-01-24 05:29:30','2020-02-27 16:25:56'),
('81','o','2017-01-25','17','Ut voluptas ut minima minima q','West Orville','Azerbaijan','2019-12-29 14:27:02','2020-06-08 00:26:19'),
('82','k','2006-10-24','38','Quos ullam doloremque vel reru','Port Forest','Brunei Darussalam','2013-11-05 10:01:21','2020-01-11 01:52:59'),
('83','o','1973-10-18','89','Sit et tempora laboriosam est ','New Brain','Liberia','2020-04-18 01:42:12','2019-09-29 06:46:18'),
('84','x','2009-11-16','40','Est et occaecati sed quis sit ','South Alanville','Dominican Republic','2012-10-07 21:26:45','2020-03-22 00:48:03'),
('85','i','1974-04-16','64','Hic omnis quidem veritatis dol','North Misty','New Caledonia','2011-12-20 10:07:31','2020-06-30 13:41:18'),
('86','n','2006-07-20','83','Tempore sunt blanditiis eos ea','Dickensmouth','Jersey','2012-07-25 06:36:18','2019-10-13 13:38:17'),
('87','b','2006-04-27','49','Sunt et a voluptas dignissimos','South Trentonstad','Congo','2014-11-25 14:41:49','2019-11-04 08:46:27'),
('88','c','2005-03-06','42','Laborum distinctio laudantium ','North Francisfurt','United States Virgin Islands','2018-09-26 22:01:38','2020-07-25 01:58:43'),
('89','g','1977-05-25','78','Provident ut aut enim iusto ac','Fatimaview','Tanzania','2017-12-04 14:29:40','2019-10-22 06:07:57'),
('90','o','1990-12-03','56','Fuga modi vel quos beatae hic ','Wintheiserland','Guinea-Bissau','2015-11-28 13:30:24','2020-09-02 05:36:45'),
('91','z','1992-05-30','27','Temporibus voluptatum dicta ul','West Gailmouth','Romania','2010-11-30 20:44:02','2020-02-22 18:17:41'),
('92','n','1970-01-11','61','Placeat voluptatum nihil qui i','Eloisebury','Bolivia','2016-05-22 00:36:42','2020-05-17 02:26:10'),
('93','l','1995-04-04','95','Esse recusandae doloribus poss','Port Adaline','Puerto Rico','2010-12-02 02:21:57','2019-09-20 06:10:24'),
('94','w','2007-11-17','9','Architecto aut dolor aspernatu','Port May','Reunion','2011-04-07 05:59:25','2020-04-05 09:33:36'),
('95','p','1999-05-02','54','Cupiditate quia iusto est dolo','Darrelburgh','Cambodia','2020-05-26 16:25:04','2020-03-23 08:26:48'),
('96','g','1991-10-18','20','Eum veritatis debitis dignissi','Lake Clay','China','2016-01-02 01:25:44','2020-05-12 17:34:14'),
('97','i','1972-08-07','50','Commodi labore consequatur ali','Orenville','Bahamas','2015-04-05 13:30:34','2019-10-03 04:04:40'),
('98','n','2010-09-14','79','Enim deserunt eaque temporibus','West Huberttown','New Zealand','2020-04-22 03:25:32','2019-11-01 11:31:54'),
('99','x','2016-03-04','82','Deserunt officiis dolorem saep','East Talonland','Djibouti','2016-03-02 21:37:24','2019-11-16 14:39:51'),
('100','d','2011-09-24','59','Numquam modi eos a explicabo.','Lake Franz','Saint Lucia','2020-07-11 21:13:34','2019-10-13 09:45:00'); 


DROP TABLE IF EXISTS `users`;
CREATE TABLE `users` (
  `id` int(10) unsigned NOT NULL AUTO_INCREMENT COMMENT 'Идентификатор строки',
  `first_name` varchar(100) COLLATE utf8_unicode_ci NOT NULL COMMENT 'Имя пользователя',
  `last_name` varchar(100) COLLATE utf8_unicode_ci NOT NULL COMMENT 'Фамилия пользователя',
  `email` varchar(100) COLLATE utf8_unicode_ci NOT NULL COMMENT 'Почта',
  `phone` varchar(100) COLLATE utf8_unicode_ci NOT NULL COMMENT 'Телефон',
  `created_at` datetime DEFAULT current_timestamp() COMMENT 'Время создания строки',
  `updated_at` datetime DEFAULT current_timestamp() ON UPDATE current_timestamp() COMMENT 'Время обновления строки',
  PRIMARY KEY (`id`),
  UNIQUE KEY `email` (`email`),
  UNIQUE KEY `phone` (`phone`)
) ENGINE=InnoDB AUTO_INCREMENT=101 DEFAULT CHARSET=utf8 COLLATE=utf8_unicode_ci COMMENT='Пользователи';

INSERT INTO `users` VALUES ('1','Jaycee','Thompson','bridget90@example.org','384.756.3848x790','2013-06-08 02:23:58','2020-06-08 03:36:27'),
('2','Vidal','Howell','kendra62@example.org','(432)165-2472x5469','2012-09-29 19:31:48','2019-10-07 14:49:35'),
('3','Myrtle','Corkery','abdul44@example.com','(900)347-3960x49286','2013-03-18 05:00:35','2020-02-09 04:06:03'),
('4','Hassan','Friesen','muller.judy@example.org','03038847996','2012-01-30 19:53:39','2020-05-11 03:51:45'),
('5','Hannah','Feil','qmonahan@example.com','1-716-090-1998x5652','2020-07-17 06:25:31','2019-11-30 09:59:22'),
('6','Missouri','Schneider','pmarquardt@example.net','1-645-548-5279','2014-05-05 01:44:33','2019-10-28 16:26:24'),
('7','Brandy','Walsh','brady.boyer@example.net','(843)137-6231','2019-02-07 06:19:48','2020-08-21 05:47:41'),
('8','Adaline','Schuster','dillon52@example.net','1-616-758-5993','2015-02-23 02:43:23','2019-12-26 12:56:34'),
('9','Maurice','Gleason','katelin46@example.org','09571878538','2018-12-31 22:15:44','2019-12-12 00:48:58'),
('10','Erin','Klocko','sylvia.grady@example.net','1-751-539-1894','2016-06-27 03:37:20','2019-10-29 07:37:59'),
('11','Ambrose','Torphy','uziemann@example.org','(250)644-1431','2016-05-18 22:10:33','2019-12-04 23:06:03'),
('12','Aurelio','Mayer','fahey.priscilla@example.com','556-072-0787x577','2016-04-03 19:50:20','2020-06-18 00:30:37'),
('13','Bertha','Fahey','bmurray@example.org','859-481-7553x4955','2013-03-25 16:12:36','2020-01-30 11:27:09'),
('14','Lucie','Gerlach','hickle.shane@example.org','598-600-6721','2018-11-02 18:50:26','2020-03-09 15:30:24'),
('15','Carmel','O\'Kon','russel.destini@example.org','321-296-5492','2013-03-07 11:39:35','2019-10-08 22:26:39'),
('16','Thad','Marquardt','casimir88@example.org','+78(3)0783991821','2010-12-14 14:29:18','2019-10-10 09:52:09'),
('17','Lonny','Heller','alana75@example.com','974.288.0651','2018-12-02 01:24:52','2020-07-29 15:18:17'),
('18','Luther','Lueilwitz','chaya53@example.net','345.667.0608','2011-10-20 09:12:50','2020-08-09 23:59:06'),
('19','Alexis','Price','cbeier@example.net','1-195-293-4682x41888','2014-11-19 08:59:04','2019-10-16 09:15:43'),
('20','Judd','Koepp','alisha.simonis@example.net','1-371-154-8464','2015-07-23 11:21:22','2020-08-06 07:27:01'),
('21','Madonna','Sauer','maxie18@example.org','(223)947-0253x65607','2019-09-23 02:32:23','2020-08-11 09:52:28'),
('22','Paul','Kuhn','ceasar36@example.net','354.795.0701','2011-10-28 23:38:19','2019-12-05 17:03:30'),
('23','Ricardo','Pfeffer','robb65@example.net','(514)276-4208x1051','2015-10-23 22:52:32','2019-09-19 05:51:27'),
('24','Esther','Ziemann','velma.schoen@example.com','(704)671-6957x4541','2011-04-12 05:01:24','2020-08-17 11:12:16'),
('25','Ottis','Hilll','jeremy84@example.com','847-470-6458','2014-03-31 08:46:51','2020-07-30 21:16:41'),
('26','Anderson','Cummerata','shields.lourdes@example.org','088.368.8853x9230','2011-01-01 03:47:11','2020-07-10 23:09:19'),
('27','Bernadette','Heller','daugherty.jessie@example.net','(789)381-3435x05266','2018-06-20 04:49:27','2020-01-05 17:30:25'),
('28','Janae','Tromp','jack.waelchi@example.com','532-803-0834','2020-05-17 10:55:00','2020-05-06 23:00:10'),
('29','Dane','Leffler','vgreenfelder@example.org','09430832397','2012-05-02 23:51:11','2020-06-24 14:38:54'),
('30','Edna','Dooley','hettie.bednar@example.net','+70(0)1402874058','2015-12-01 16:23:06','2019-11-15 15:27:48'),
('31','Justyn','Hickle','alberto.leffler@example.net','03131996728','2013-01-15 00:10:28','2019-10-22 22:47:57'),
('32','Abagail','Smitham','wilhelmine98@example.com','1-529-758-1252x66252','2011-04-05 00:39:16','2019-09-19 09:38:37'),
('33','Roosevelt','Jakubowski','elliot06@example.net','060-054-9407x1691','2016-07-14 00:00:39','2020-04-10 07:49:20'),
('34','Griffin','Schaden','amira47@example.net','1-951-748-2887x272','2015-09-09 10:09:14','2019-12-19 20:42:03'),
('35','Scotty','Konopelski','kerluke.elise@example.org','1-349-606-9424x26366','2011-05-28 02:39:19','2020-04-12 19:53:39'),
('36','Cynthia','Beahan','karina79@example.net','230-782-7889x89627','2014-09-11 05:05:27','2020-03-01 06:31:55'),
('37','Jaydon','Glover','vfritsch@example.org','845-346-1360x7915','2014-03-15 08:37:49','2020-02-19 22:44:21'),
('38','Camylle','Hamill','eherman@example.com','161-944-8881x707','2018-05-31 15:23:25','2020-06-28 09:48:10'),
('39','Candace','Kautzer','wbradtke@example.net','(515)070-1977','2014-01-31 07:53:16','2020-02-24 21:57:51'),
('40','Bonnie','Wiza','pfeffer.newton@example.com','789-476-8256x9834','2015-10-31 01:58:12','2020-05-07 06:00:09'),
('41','Vivien','Rippin','cameron28@example.net','(406)579-6210x71399','2018-01-05 16:05:51','2020-01-03 15:45:53'),
('42','Alene','Moore','alangworth@example.org','1-128-672-0617x25787','2013-02-11 06:53:48','2020-07-22 04:42:20'),
('43','Rocio','Kunde','eryn.west@example.com','1-395-102-0253','2012-08-06 09:07:23','2020-08-17 14:40:49'),
('44','Cleveland','Smith','garrett.moore@example.net','647-696-9033x71035','2018-04-28 16:06:38','2020-05-26 14:44:22'),
('45','Donna','Mills','anya.maggio@example.org','(900)275-3631x37589','2018-09-02 10:15:58','2019-09-18 22:29:04'),
('46','Ida','Stark','kirlin.minnie@example.com','568-755-1517','2018-01-23 17:45:36','2019-12-08 15:50:04'),
('47','Avery','Rippin','barton.adrianna@example.net','387.403.0870x247','2018-08-24 17:24:55','2019-09-23 23:16:37'),
('48','Freida','Pagac','qdeckow@example.org','(232)114-4003','2016-12-04 11:50:15','2019-10-22 11:58:01'),
('49','Jason','Oberbrunner','lang.selena@example.net','(134)682-5181x259','2018-11-02 15:29:52','2020-06-29 05:01:39'),
('50','Tristin','Gerhold','fahey.guiseppe@example.org','+58(0)4891275889','2019-03-10 07:12:20','2019-10-23 17:33:04'),
('51','Aliya','Block','lolita75@example.org','024.003.2051','2014-11-11 18:56:32','2019-09-28 07:17:33'),
('52','Ophelia','Mueller','claudine.lockman@example.com','624-802-9338x3214','2018-06-24 06:20:03','2020-04-14 08:13:07'),
('53','Everett','Marks','finn58@example.net','375.363.5809','2019-11-11 09:27:53','2020-06-04 20:34:15'),
('54','Madie','Miller','gdicki@example.org','+33(9)0547676502','2015-04-06 01:06:29','2019-11-20 02:50:19'),
('55','Bryana','Breitenberg','spinka.murray@example.org','+57(6)7012008668','2011-04-21 07:02:48','2019-10-27 20:46:03'),
('56','Erling','Moore','thiel.candelario@example.org','1-185-400-3442','2011-09-30 04:51:25','2019-12-13 11:25:47'),
('57','Idell','Brown','mryan@example.com','1-037-063-0839x4933','2017-10-17 04:05:40','2020-03-05 02:49:15'),
('58','Ima','Schmidt','ritchie.kailee@example.org','359.282.8341','2015-10-27 11:55:03','2020-01-20 23:30:33'),
('59','Craig','Stroman','rice.claud@example.net','557.495.4937','2019-08-04 19:10:04','2019-12-21 03:59:18'),
('60','Alejandra','Fadel','milton79@example.com','(975)072-1404x26122','2016-03-05 01:20:35','2020-06-23 17:27:27'),
('61','Mariela','Hagenes','lurline.simonis@example.org','255.167.4066','2015-10-23 14:02:57','2020-09-04 19:20:27'),
('62','Elvie','Turner','sanford.asa@example.com','494-915-7586','2012-10-24 14:44:16','2020-08-22 00:19:48'),
('63','Lyda','McCullough','alba.littel@example.org','949-348-3580x2553','2018-06-09 23:15:26','2020-01-29 01:22:28'),
('64','Ricky','Huel','garth.conroy@example.org','1-721-591-6286','2017-12-16 20:43:15','2020-02-23 16:04:51'),
('65','Maddison','Reichel','hpurdy@example.com','022-757-5294x501','2019-05-05 16:27:36','2020-04-25 19:32:08'),
('66','Norris','Padberg','jakubowski.russel@example.net','758-553-1486','2013-08-19 17:55:26','2020-07-07 09:25:37'),
('67','Giuseppe','Wiegand','bianka02@example.com','972.851.6658x3519','2014-01-23 08:17:31','2020-08-20 15:55:17'),
('68','Lavada','Rau','cayla.boehm@example.com','(338)325-1385x05651','2017-10-11 15:58:27','2020-08-17 05:40:17'),
('69','Mable','Wunsch','toni.glover@example.org','025-502-0315','2015-12-02 08:17:12','2019-11-10 21:00:47'),
('70','Emmanuel','Runolfsson','corkery.kaylie@example.org','+50(5)1304343270','2012-09-21 14:17:14','2020-08-04 17:38:40'),
('71','Federico','Steuber','cordie.o\'keefe@example.net','1-303-237-3659','2020-01-02 11:48:53','2020-08-06 16:15:01'),
('72','Gabe','O\'Conner','chaim.donnelly@example.org','1-622-734-2503','2017-03-17 00:20:46','2020-05-19 04:13:41'),
('73','Margret','DuBuque','esta19@example.org','237-348-3700','2017-06-06 20:04:49','2019-12-12 05:37:32'),
('74','Kevon','Murray','tprosacco@example.org','991.672.2864x69220','2018-02-06 14:36:23','2020-03-22 00:25:04'),
('75','Ron','Stiedemann','liliana39@example.net','157.397.7755x27320','2019-06-19 16:02:38','2019-11-12 07:23:03'),
('76','Cheyenne','Lesch','klein.kaci@example.com','985-381-7480x580','2012-04-12 19:47:23','2019-09-12 16:52:20'),
('77','Marcus','Collins','mohr.llewellyn@example.net','1-429-735-9227x068','2019-09-21 12:27:11','2020-05-15 21:51:11'),
('78','Rafaela','Wyman','aemmerich@example.com','815.779.1445x420','2013-09-29 23:23:17','2019-09-23 14:55:43'),
('79','Tiara','Kassulke','skuhlman@example.com','1-813-628-6633x238','2020-03-09 20:17:01','2020-09-06 06:24:42'),
('80','Milton','Labadie','yolanda.okuneva@example.org','118-507-7581x5306','2013-09-05 05:08:36','2020-07-15 00:06:52'),
('81','Jeromy','Marvin','hirthe.filomena@example.org','1-991-069-2088','2013-12-03 04:12:17','2019-12-03 04:48:48'),
('82','Garret','Price','josianne39@example.net','529-912-1089x1625','2013-12-01 22:03:45','2020-08-15 15:46:17'),
('83','Chad','Weimann','lia.wilderman@example.org','582.858.0013x763','2016-07-27 19:04:05','2020-07-07 11:06:21'),
('84','Scot','Quigley','hilpert.terrell@example.com','775-812-0810x99665','2019-03-31 23:57:59','2020-08-02 08:05:44'),
('85','Brigitte','Doyle','gage.moen@example.net','941.398.0825x6960','2017-06-23 02:20:39','2020-03-23 04:27:37'),
('86','Della','Bashirian','oleta.padberg@example.com','1-151-930-5530x111','2018-04-22 23:27:24','2019-12-20 01:58:13'),
('87','Otha','Hauck','luella.ortiz@example.com','03244662819','2016-07-02 21:20:13','2020-03-09 18:11:13'),
('88','Rick','Berge','eudora.sawayn@example.net','1-853-203-9571','2016-04-30 14:41:36','2020-09-04 21:56:40'),
('89','Fredrick','Glover','schoen.amelia@example.net','878.504.3300x6009','2010-10-19 04:53:36','2020-05-29 00:43:12'),
('90','Estella','Boyle','barry67@example.com','1-150-428-7796','2016-11-05 08:55:57','2019-11-25 14:18:43'),
('91','Raven','Stoltenberg','vskiles@example.org','+64(3)9283242013','2013-01-05 09:25:39','2020-08-23 07:13:01'),
('92','Orin','Bogisich','mozelle.gusikowski@example.com','1-838-824-1195','2018-03-13 17:46:45','2020-03-24 13:08:44'),
('93','Rosalia','Lockman','elroy.grady@example.com','842-959-6544x15441','2019-01-26 03:02:31','2020-08-25 00:18:44'),
('94','Mark','Schumm','stone80@example.net','+81(7)3986617298','2011-08-19 18:26:40','2019-11-27 01:57:54'),
('95','Bonnie','Cruickshank','marty.o\'reilly@example.org','215.197.5846x28425','2013-11-25 01:56:16','2020-04-07 15:39:02'),
('96','Elsie','Ondricka','kendall94@example.com','1-110-013-0102','2017-01-19 03:44:26','2019-11-19 07:01:15'),
('97','Alexie','Luettgen','hschimmel@example.net','034-459-5562','2011-05-18 14:55:04','2019-10-07 08:51:04'),
('98','Dominique','Waelchi','wswaniawski@example.com','520-872-3774','2012-07-18 21:32:20','2020-02-14 03:30:46'),
('99','Nicholas','Beatty','hpagac@example.com','1-191-915-2600x8051','2013-09-06 02:18:56','2020-03-29 18:59:08'),
('100','Ernie','Heathcote','rquigley@example.net','+57(2)0480993695','2014-05-13 18:48:45','2020-05-02 11:20:27'); 




/*!40101 SET SQL_MODE=@OLD_SQL_MODE */;
/*!40014 SET FOREIGN_KEY_CHECKS=@OLD_FOREIGN_KEY_CHECKS */;
/*!40014 SET UNIQUE_CHECKS=@OLD_UNIQUE_CHECKS */;
/*!40101 SET CHARACTER_SET_CLIENT=@OLD_CHARACTER_SET_CLIENT */;
/*!40101 SET CHARACTER_SET_RESULTS=@OLD_CHARACTER_SET_RESULTS */;
/*!40101 SET COLLATION_CONNECTION=@OLD_COLLATION_CONNECTION */;
/*!40111 SET SQL_NOTES=@OLD_SQL_NOTES */;

